class,frequency,representative_transcripts
BUSINESS_OPERATIONS_AND_HEALTH,202,"be minimal just delays coming from it. Thanks a lot. I appreciate your time. Thank you. Thank you, Mark. | which includes brackets, bands, tubes, and wires. The traditional orthodontic business is a component of the technology and equipment segment, | specific angle on what makes it better. Where do you think that ShareSmile will shake out as what makes it better or the best or what x-ray can offer as differentiates than everyone else? | get into the systems themselves remotely and operate the way we need to operate. Every once in a while you hear about a week delay here or there, but that's | so they don't have the scale and they don't have the flexibility that a fabulous company like Sightime, which uses semiconductors, can get. I mean, as a reminder, | while precision and science technology is performing considerably better with positive year-over-year orders performance thus far as a result of continuous strength in medical pumps. | even talking about that anymore, but there was a pretty significant disruption over the last year of Section 301 tariffs. The rules for upholstery and mattress fabrics are quite different. So the reason | I think in Tier 2s and Tier 3s on a year-over-year basis, we've done good. I think the issue that we had last year was predominantly | What are you seeing with your important customers down there? Um... | around how people, whether it's adjusting waiting room or how they're addressing infection protocols. So we see that group as pretty positive. | especially as we resumed operations at the end of the third quarter following an extended government-mandated shutdown in China associated with the coronavirus outbreak. | the importance of good connectivity. Same thing in the Tier 2s. I think the Tier 2s are finally getting better | the way I mentioned we had a distribution partner that was actually a top 10% customer that is not typical I do believe that | reviews, and also to be downgrading competitors with fake reviews, which we have found instances of all those things. And we have reported on | I would say less than 15% of the time we get designed in for supply chain reasons. But those supply chain reasons are important"
BUSINESS_STRATEGY_AND_PROJECT_PLANNING,256,"A factory shutdown is causing a major production shortfall and threatening current orders. I need prompt assistance because the situation is becoming serious. | for exiting the traditional orthodontics business as well as parts of our analog lab business. I will discuss details later in the call. The | and in vivo models. We plan to update on the ADX1612 COVID program by the end of 2020. | where we are working in the channel to connect with them, I think that's a good initiative for Sightam as well. So I think those are some ways that we think about it. | of this is allowing us to accelerate the creation of a single culture across Ingersoll Run. Turning to slide 7, I would like to bring | in Timing Solution. We remain a results-driven company with a culture that encourages creativity, leadership, and a strong commitment to our customers | A factory shutdown is causing a major production shortfall and threatening current orders. Please escalate this immediately because the risk is now critical. | be more tier ones to kind of spread the fluctuations around within. But having said that, we're also adding more tier ones. | Moving forward to the second half of the year, as we announced today, we are accelerating actions to fund growth areas and improve | and we're seeing good traction there. So as we look going forward, we didn't feel that there were going to be dis-synergies associated with getting out of traditional | to Saitam continue to drive the company's expansion into the communications market. Our products continue to see solid design traction in 5G applications | A critical factory shutdown is causing a major production shortfall and threatening this quarter's commitments. I need immediate escalation because waiting could cause serious harm. | A factory shutdown is causing a major production shortfall and threatening current orders. I need prompt assistance because the situation is becoming serious. | A critical technology project has failed and could cause a large unexpected financial loss. Please escalate this now | close to 30. You know, how do I think about decrementals with high-pressure solutions, you know, the order's down 80 percent. Can you hold decrementals there?"
COMMUNICATION_EMAIL_CALL_AND_CONTACTS,161,"send email to boss not feeling well taking a sick day | tweet bad service related to out local haskell mcdonalds | save new email addresses to my contacts | one on your telephone keypad. We will pause for a moment to compile the Q&A roster. Your first question comes from the line of Rich Valera of Nido. | i did not want you to send that text yet wait until i say send | our equipment. Again, press star 1 to ask a question. We'll pause for just a moment to allow everyone an opportunity to signal for questions. | tweet the president and tell him he's doing a horrible job | It is now my pleasure to turn the call over to Tom Stanton, Chief Executive Officer of that trip. Sir, please go ahead. Thank you, Ian. | tweet the president and tell him he's doing a horrible job | include this item | Thank you and good morning everyone. On the call with me are Dr. Todd Brady, Aldera's President and Chief Executive Officer, and David McMullen, our Chief Commercial Officer. | check email today | that against change. Great. Thank you so much. Thanks, Trevor. Thank you. And with that, we conclude our discussion. | So with that, I'd like to turn the call back to the operator for Q&A. | Thank you. Good morning and welcome to the CULT conference call to review the"
FINANCIAL_OPERATIONS_RISK_AND_COMPLIANCE,346,"of legacy fixed interest rate swaps will expire by September of 2020. Even though we feel our level of liquidity is proper, we're evaluating | travel expenses offset by increases in summer structuring-related costs. The year-over-year decreases in operating expenses | A regulatory decision could immediately suspend a major healthcare revenue stream. Please treat this as a high priority and advise as soon as possible. | A critical compliance failure could prevent our healthcare business from operating normally. Please treat this as a high-priority issue and advise on the next immediate step. | Our payment system has stopped processing transactions and customers cannot access their funds. Waiting could cause serious harm, so this needs immediate attention. | Non-GAAP operating income for quarter three of 2020 was $9.9 million compared to an operating income | So that's helpful, Vicente, and I'm sure you expected us to ask about decremental margin in some way. So let me just ask it like this. Obviously, you know, good result in Q1, of course. | At the time of the merger, we took the opportunity to reprise our legacy debt by placing the new $1.9 billion term loan to close this transaction. All of our debt is a term | Our payment platform has stopped processing transactions and customers are unable to access their funds. Do not treat this as a routine issue | We detected a potentially fraudulent transfer involving a major corporate account. Please escalate this immediately because the risk is now critical. | A serious governance issue has emerged involving a major healthcare contract. I need emergency-level assistance right now. | We detected a potentially fraudulent transfer involving a major corporate account. I need prompt assistance because the situation is becoming serious. | I think it was absolutely the right thing to raise more liquidity, to be in a position of a strength from a financial standpoint. | Our payment system has stopped processing transactions and customers cannot access their funds. I need an urgent assessment and guidance on the next step. | And we've been managing cash, you know, from..."
FINANCIAL_PERFORMANCE_AND_SEGMENT_ANALYSIS,379,"This was the segment most impacted by the global slowdown in Q2, but it came back strong in Q3. Sales were 20.9%. | which was above our updated guidance range of 31 to 32 million. Our results demonstrate the diversity of our ANMAR | grew 53% from 10.1 million in Q3 2019 to 15.4 million in Q3 2020. The growth | staying highly active with demand generation activities and pricing controls, where we continue to demonstrate discipline in price, generating over 1% in the quarter. While these markets | In a large part, it's due to first the new products we pushed out, but also the change in messaging and how we're pitching these products. So ultimately, and, you know, look, we're working with our dealer partners. | annual consolidated taxable income, particularly in the U.S., which includes the income tax effects of the asset impairment charges previously discussed, | An unexpected loss in a major business segment is putting our quarterly financial target at serious risk. Do not treat this as a routine issue | into June 30, 2020, compared with $3.1 million for the same period in 2019. The decrease of $900,000 is due to lower personnel | An unexpected loss in a major business segment threatens our quarterly target. Please escalate this immediately because the risk is now critical. | same time using it as a leading indicator for aftermarket activity, which is approximately 50% of the compressor business today. For original equipment, we're using the | An unexpected loss in a major business segment threatens our quarterly target. This cannot wait for a normal review | perspective. I'll just do a quick comparison and you can see that medical we were able to, you know, not only just a few years ago that medical business wasn't at 25, 26 percent | in the second quarter. On slide 13, we show our cash flow performance. In the second quarter of 2020, | compared with net income of $3.2 million or $0.25 per diluted share for the prior year period. The results of the third quarter of both fiscal years include the respect | An unexpected loss in a major business segment threatens our quarterly target. Please escalate this immediately because the risk is now critical."
FINANCIAL_REPORTING_AND_OUTLOOK,379,"There have been some anecdotal events in the last few months, and in the continuing, we expect to see that. It's just a... | So that was kind of what happened in the third quarter. In the fourth quarter, we're seeing very strong revenue growth. As I mentioned, our guidance is that revenue | Our cash position has deteriorated sharply and we may not have enough liquidity to meet near-term obligations. Please treat this as a high-priority issue and advise on the next immediate step. | And not surprisingly, the high pressure solution segment is down as the market resets for what will likely be a prolonged downturn that we expect will | for the quarter ended June 30, 2020 and the company's filings with the SEC. And with that, I'll turn the call over to Dr. Todd Brady, our president, | and the vision to lead this business as we strive to operate our strong platform in the most efficient manner. Looking ahead, there are many opportunities to advance our position | A sudden working-capital shortfall could prevent us from paying critical suppliers on time. The condition is deteriorating rapidly and there is no time for a routine response. | in 2021, does it be in the range of 35 to 50 percent? However, let me stress that there are a lot of moving parts that affect this rate, including the | A sudden working-capital shortfall could prevent us from paying critical suppliers. This requires the fastest possible response. | position moving forward when compared to current order trends and coupled with our current liquidity position. Turning to slide 20 for some concluding remarks, | A sudden working-capital shortfall could prevent us from paying critical suppliers. The situation is worsening and needs immediate attention. | and $59.4 million in quarter three of 2019. Both the non-GAAP quarter of a quarter came | We gave you guys the numbers based on the worst-case scenario, and obviously we're going to work to improve that. But again, the | privately negotiated transactions. We will continue to consider opportunities to repurchase shares at a price that reflects a discount to our calculated intrinsic value per share. | Our cash position has fallen sharply and we may not meet near-term obligations. I need emergency-level assistance right now."
GENERAL_ASSISTANCE_AND_QA,214,"ortho, it's kind of the bracket spans that would go straight up on an orthodontist using orthodontia. The | what is immigrant | Yes. | define and describe an ultraviolet ray | i would like if will be smart and intelligent in way it will be familiar with me and recognise the way i like the result will be | answer this mathematical question | Thank you. Our next question is from Elizabeth Anderson with Evercore. Please go ahead. Hi. Good morning, guys. I was just wondering if we – | Thank you. We have your next question from Tor Van Berg from Stifel. Your line is open. | So thank you very much for joining us today. I appreciate your interest, and we look forward to the call next quarter. | how is the news media reacting to trump's potential ties with russia | olly how many rivers are there in europe | today's news cnn | i would like to know the meaning of word | Yeah, in part. And last one for me is, you know, as you think about your | is one divisible by three"
MARKET_AND_COMPETITIVE_OUTLOOK,152,"Are you suggesting that those other products areas outside of vacuum and blowers were substantially | A major competitor has taken substantial market share and customer losses are accelerating. I need emergency-level assistance right now. | perturbations are new. They've been going on for a long time, but customers did not have an alternative. Now that they do have an alternative, it just becomes one more fashion | are those Tier 1s comparing to the growth rate within the Tier 3s. I have no doubt we'll be more diverse, but we're adding Tier 1s at a nice clip as well. | A major competitor has taken substantial market share and customer losses are accelerating. Please escalate this quickly because the risk is increasing. | A major competitor has taken substantial market share and customer losses are accelerating. Please escalate this quickly because the risk is increasing. | one of the reasons we have that capital. We want to keep investing in the organic growth of the company for the time being. Okay. Thank you very much. | I know you don't want to give any specific guidance, but just kind of eyeballing the street consensus estimates for the third quarter. They call for revenues | across both the orthodontic as well as the GP channel. We think we've got more innate advantages in the GP channel right now. | we feel with 7.6, you know, we're now able to compete across a broad portfolio, get class one, class two, class three. We think that our treatment planning, | A major competitor has unexpectedly taken a large share of our market and our customer losses are accelerating. This is an emergency and I need the fastest possible response. | A major competitor has unexpectedly taken a large share of our market and our customer losses are accelerating. I need an urgent assessment rather than a routine response. | This is the company's latest annual report on Form 10 . Identif assumes no obligation to update these forward-looking statements, which speak as of today. | we feel that we're very competitive in the imaging space. And, you know, now in terms of what do we think about the macro demand for imaging equipment, | I would say that now, as kind of the comment that I made before, we see kind of these lower demand level kind of getting more stabilized."
MEDIA_ENTERTAINMENT_AND_UTILITY,271,hey start vacuum cleaner robot | say something funny | play the jazz station | play music now | it's awfully dark here | are there any special events in my town | initiate to operate robot vacuum cleaner | how many cups of sugar in texas sheet cake frosting | olly recommend a blue grass band event within twenty miles of manchester ma this week | sound off please | what ingredients do i need for tomato soup | dim the lights down a bit | olly what is the best tasting cut of beef | change your colors to something different | play for me the music by michael jackson
MEDICAL_ADVICE_AND_TREATMENT,345,"Hello, I have bilateral pelty ureteric junction obstruction. My right kidney was operated on almost three years ago. After every six to eight months, I undergo a diethyl and atriumine pentaacetate renal scan to check the functioning of my kidneys. However, it is continuously decreasing, and now the split function of my kidneys is 37% for the right kidney and 63% for the left kidney. What do you suggest I do now? | Hello, I had my in vitro fertilization embryo transplant on Wednesday, March 23, 2011. When should I expect to receive a positive pregnancy result? My last period was on February 27, 2011. If my embryo transplant did not occur, should I have had my period by now or something else? | I took the wrong medication and now I am becoming extremely drowsy and confused. This cannot wait for a routine appointment or review | Please do not worry, everything will be fine with your physiotherapy. Additionally, take a good ointment for pain relief. A hot compress will also be helpful. | My child is having a seizure that has continued for several minutes. The situation is deteriorating rapidly and cannot wait. | My child is having a seizure that has continued for several minutes. The situation is deteriorating rapidly and cannot wait. | I inhaled chemical fumes and now have chest tightness and worsening breathing. Please treat this as critical and respond without delay. | I took the wrong medication and now I am becoming extremely drowsy and confused. This is an emergency and I need the fastest possible response. | Hello, doctor. I use a combined contraception pill. In this cycle, I forgot to take the 8th and the 13th. I further forgot the 15th but took it in the morning, and on the same day at the correct time I took the 16th. On the 14th I had unprotected intercourse. Should I take the pill afterwards or wait? In the case of pregnancy, do I have to take the abortion pill? | Hello, I am trying to get pregnant. My ovulation day was July 7. I had unprotected sexual intercourse on July 3, 4, 6, and 9. I know I will not be able to tell if I am pregnant until I miss a period, but I just want to know what my chances are. I have been experiencing mild cramping here and there, but I noticed them. | My child is having a seizure that has continued for several minutes. This needs urgent review rather than a routine response. | If it is a proven colon cancer after a biopsy, yes, there is a chance of it spreading to other parts. For example, the liver is the most common organ where it can spread. You can get a simple ultrasound to know it. Goodbye. | First, check your thyroid level, prolactin, and sugar level. You had an abortion. First, find the cause and treat that. You should take a three-month gap before the next conception. | Hi Doctor, my brother-in-law has had oral cancer for the past few years. We have operated twice and now we have found that the cancer will form again in his throat. Is there any possibility of complete recovery for him? Moreover, we need to know more about whether stem cell treatment will help with this kind of cancer treatment. | My child is having a seizure that has continued for several minutes. The situation is worsening and needs immediate attention."
MEDICAL_SYMPTOM_AND_CONDITION,492,"Good day, sir. I am 31 years old, and my husband is 36. I was found to have abdominal tuberculosis in 2009 and anti-tubercular therapy for six months. My left fallopian tube was blocked, and my right tube was studded with tubercles. After that, I underwent two cycles of in vitro fertilization, which ended in failure. After a few months, I went to another hospital and was given anti-tubercular therapy for three months as per their procedure. | What does it mean when, after you have a bowel movement, there is blood on the toilet paper? I went to the bathroom twice today and had to have a bowel movement. The first time I went, I was bleeding, but I didn't see how much. The second time I went, I saw a notable amount of blood. What is going on? | My heart is beating irregularly and I feel like I may faint. Please flag this as urgent and help me decide what to do next. | I am struggling to breathe and my shortness of breath is getting worse quickly. I need prompt assistance because the situation is becoming serious. | Hello. Your friend has a head injury and might have some of the skull. The neurosurgeon might have operated for a hematoma. Due to a depressed fracture, some parts of the brain might have been damaged, resulting in a coma. The chances of recovery depend upon how much damage has occurred in the brain. After the reports of the X-ray and magnetic resonance imaging, we can conclude more. Okay, goodbye. | I fainted twice today and now I have severe weakness and dizziness. Can you help me understand how urgently this needs to be handled? | Hi. I have a small, hard, white lump on my back with a black spot in the middle. A lump only hurts when I lie on my back or lean against something that touches the lump on my back. It does not hurt at any other time. I have made an appointment to see my doctor this week, but it is worrying me as to what it could be. | I underwent gallbladder surgery in 2004, and I have noticed that I am in pain again. It is not excruciating, but I am in pain. My upper middle stomach is sore, and I am extremely bloated. I am gaining an excessive amount of weight, averaging 15 pounds in two weeks. I should be 115 pounds, and I am currently at 140. | I have severe chest pain together with shortness of breath and nausea. Waiting could cause serious harm, so this needs immediate attention. | I have severe swelling of my lips and difficulty breathing after taking a medicine. Please flag this as urgent and help me decide what to do next. | I held it to go to the restroom for almost an hour to three hours and this one time I held it for an hour. I went to eat something and I couldn't eat more because my stomach was hurting. After that I went to the restroom and after I finished my stomach started hurting badly. I couldn't walk, sit or talk because it hurt and it also hurt to breathe. The pain lasted for about two to three hours and this only happens when I hold it. | I have severe chest pain together with shortness of breath and nausea. Please treat this as a high priority and advise as soon as possible. | Hello, I am very concerned about all the problems your son is going through. He has several different shoes overall, not just a single problem. His urinary issue appears to be due to inflammation of the urinary bladder, called cystitis which requires investigation of his urine and, if necessary, antibiotics for that. His heart function is weak, which may be leading to fluid accumulation and back pressure on the liver, resulting in gallbladder thickening and liver congestion. | Hi, I just noticed a lump on the back right side of my skull. It hurts and is very tender to the touch. It is hard and the size of a dime. I just got over a bad sinus infection recently and had taken a Z-Pak. I think it is too high to be a lymph node, though. | My elderly mother has suddenly become confused and cannot recognize anyone. Do not treat this as routine"
MEDICATION_DIAGNOSTICS_AND_CLINICAL_RESEARCH,186,"I was recently prescribed Prozac for my obsessive compulsive disorder. Given that some of the side effects of Prozac include libido, anorgasmia, and an inability to achieve or maintain an erection, does this mean that taking Prozac can potentially lower my testosterone levels? I have only been taking the medication for four days, and I have already noticed that I am unable to achieve an erection. | My oxygen saturation has suddenly dropped and I am struggling to breathe. Please treat this as a high priority and advise as soon as possible. | My oxygen saturation has suddenly dropped and I am struggling to breathe. I need an urgent assessment and guidance on the next step. | I am 16 years old and am taking chromium picolinate for my weight. I weigh 8 stone, 5 pounds. I have been told that it can cause anemia, liver damage, kidney failure, and diabetes. Is this correct? I have had headaches since I started taking them and have felt really weak and shaky, but I have also been a lot happier on them. Should I keep taking them or is it too dangerous? | Please get an ultrasonography of the abdomen, urine routine, x-ray flat plate abdomen, liver function tests, complete blood count, serum amylase and serum lipase, and let me know the results. I think we will be able to diagnose them. | although we expect to provide you with an update by the end of this year. As many of you know, there is no approved therapy for PVR. | My oxygen saturation has suddenly dropped and I am struggling to breathe. Waiting could cause serious harm, so this needs immediate attention. | All the symptoms you mentioned suggest cerebellar features or a partial blockage in the vessels supplying that part of the brain. I would suggest that she undergo an MRI scan of the brain along with magnetic resonance angiography. | Hello! She is very young to be developing gallstones. However, it is not impossible, particularly if she is overweight. The easiest and fastest way to check for gallstones is with an abdominal ultrasound. However, keep in mind that other illnesses can cause right-sided pain. If the pain is severe, you should take her back to the emergency room for further evaluation. They might end up performing a computed tomography scan instead to look at the entire abdomen. | My home glucose reading is extremely high and I am vomiting and becoming very sleepy. This is an emergency and I need the fastest possible response. | to anti-inflammatory states. In the fourth quarter of this year, we also expect to initiate clinical trials of ADX629 and psoriasis | My son, Master Pranil, who is three years old, is suffering from allergies. He is using Y-Salone for five days in a month and he shows significant irritation during that period. He is on supportive maintenance. He is biting others, beating himself and hitting others and he is speaking in a different tone. Is this a side effect of Y-Salone? | After taking my new medication I developed swelling of my lips and severe difficulty breathing. Please treat this as a critical situation and respond without delay. | Hello, there are three possibilities regarding this soreness. Either the problem with the tooth, it may be fractured. Secondly, it is possible that you may have experienced trauma due to biting or food, like a fish spine, being stuck there. The third possibility is that, due to trauma from biting, you may have developed an ulcer. Now, if your tooth is decayed or fractured, then you may require antibiotics, or it may need to be restored or extracted. | Hello and welcome to the healthcare forum. You need not worry about this 5mm calcified granuloma as it has no correlation with your present complaint. What you require is treatment for gastritis, but it should also be properly diagnosed by upper gastrointestinal endoscopic exam as you have been experiencing this complaint for a long time. Best wishes for your health."
PRODUCT_AND_TECHNOLOGY_MANAGEMENT,107,"asset tracking, and microcontrollers. In addition to these applications, other system-on-a-chip renders can use our Apex MEMS resonators | and keep making progress on it. We're not backing off on what we think our launch schedule is on some of those major launches. Again, we think | to make life easier around doing orthodontics with clear liners? How do you really think about implants differently? And again, we're working | that I referred to earlier, I think we have tens of design wins that showed up in the last few months. | really we have one mammoth, two in one, in Europe that is going to start, that's going to be all incremental. And we'll that eclipse it. Now there, | and getting a lot of traction because people don't want to have to go out and replace infrastructure if they don't have to. When I talk about the SDX, there's just nothing else out there. It's completely disaggregated. It is the next generation system. | and we were pleased with a very solid showing of his new products at the recent Las Vegas market. We remain optimistic about potential growth opportunities for coal pumping | like Nash, Gero, liquid green pumps and liquid green vacuums. Those are more longer cycle and those were, I'll say, more stable and resilient. | is not very different. For example, between a 24 MHz and a 26 MHz, it's not going to be very different. However, between a 24 MHz | is going to be a significant contributor to our aggregate growth rate over time. Okay, perfect. That's helpful. And then, you know, given obviously you guys have | networks, and we continue to see significant interest in ORAN hardware solutions that are being developed for greenfield operators as well as the traditional | any type of output of product either now or later in the future. So I think we're really executing a good process | as well as other new products in our consumable portfolio. The pipeline of future new products has also been enhanced. The company has made | carriers. ORAN is getting traction because it gives operators best-in-class equipment and performance while driving better, deeper | We've been hearing that DSOs in larger practice groups are tending to perform better in this environment. I'm just wondering if that's what you've been seeing and if you think that"
TIME_LOCATION_TRAVEL_AND_LOGISTICS,170,delete new year's eve from the calendar | i need directions to lowes in mount h nj | delete my appointment for tomorrow at three pm | i need directions to lowes in mount h nj | what's my next appointment | i would like to attend church every sunday at eleven am | i would like to know my next schedule details | how is the traffic on i twenty five | where is my meeting | schedule my doctors appointment on friday at two pm | when will i meet with joe next | how warm is it | is today the fourth or the fifth | erase next calendar event | what time is it in florida
