Frame Index,Approximate Time (seconds),Approximate Time (milliseconds)
0,0.0,0.0
1,0.02,20.0
2,0.04,40.0
3,0.06,60.0
4,0.08,80.0
5,0.1,100.0
6,0.12,120.0
7,0.14,140.0
8,0.16,160.0
9,0.18,180.0
10,0.2,200.0
11,0.22,220.0
12,0.24,240.0
13,0.26,260.0
14,0.28,280.0
15,0.3,300.0
16,0.32,320.0
17,0.34,340.0
18,0.36,360.0
19,0.38,380.0
20,0.4,400.0
21,0.42,420.0
22,0.44,440.0
23,0.46,460.0
24,0.48,480.0
25,0.5,500.0
26,0.52,520.0
27,0.54,540.0
28,0.56,560.0
29,0.58,580.0
30,0.6,600.0
31,0.62,620.0
32,0.64,640.0
33,0.66,660.0
34,0.68,680.0
35,0.7000000000000001,700.0000000000001
36,0.72,720.0
37,0.74,740.0
38,0.76,760.0
39,0.78,780.0
40,0.8,800.0
41,0.8200000000000001,820.0000000000001
42,0.84,840.0
43,0.86,860.0
44,0.88,880.0
45,0.9,900.0
46,0.92,920.0
47,0.9400000000000001,940.0000000000001
48,0.96,960.0
49,0.98,980.0
50,1.0,1000.0
51,1.02,1020.0
52,1.04,1040.0
53,1.06,1060.0
54,1.08,1080.0
55,1.1,1100.0
56,1.12,1120.0
57,1.1400000000000001,1140.0000000000002
58,1.16,1160.0
59,1.18,1180.0
60,1.2,1200.0
61,1.22,1220.0
62,1.24,1240.0
63,1.26,1260.0
64,1.28,1280.0
65,1.3,1300.0
66,1.32,1320.0
67,1.34,1340.0
68,1.36,1360.0
69,1.3800000000000001,1380.0000000000002
70,1.4000000000000001,1400.0000000000002
71,1.42,1420.0
72,1.44,1440.0
73,1.46,1460.0
74,1.48,1480.0
75,1.5,1500.0
76,1.52,1520.0
77,1.54,1540.0
78,1.56,1560.0
79,1.58,1580.0
80,1.6,1600.0
81,1.62,1620.0
82,1.6400000000000001,1640.0000000000002
83,1.6600000000000001,1660.0000000000002
84,1.68,1680.0
85,1.7,1700.0
86,1.72,1720.0
87,1.74,1740.0
88,1.76,1760.0
89,1.78,1780.0
90,1.8,1800.0
91,1.82,1820.0
92,1.84,1840.0
93,1.86,1860.0
94,1.8800000000000001,1880.0000000000002
95,1.9000000000000001,1900.0000000000002
96,1.92,1920.0
97,1.94,1940.0
98,1.96,1960.0
99,1.98,1980.0
100,2.0,2000.0
101,2.02,2020.0
102,2.04,2040.0
103,2.06,2060.0
104,2.08,2080.0
105,2.1,2100.0
106,2.12,2120.0
107,2.14,2140.0
108,2.16,2160.0
109,2.18,2180.0
110,2.2,2200.0
111,2.22,2220.0
112,2.24,2240.0
113,2.2600000000000002,2260.0000000000005
114,2.2800000000000002,2280.0000000000005
115,2.3000000000000003,2300.0000000000005
116,2.32,2320.0
117,2.34,2340.0
118,2.36,2360.0
119,2.38,2380.0
120,2.4,2400.0
121,2.42,2420.0
122,2.44,2440.0
123,2.46,2460.0
124,2.48,2480.0
125,2.5,2500.0
126,2.52,2520.0
127,2.54,2540.0
128,2.56,2560.0
129,2.58,2580.0
130,2.6,2600.0
131,2.62,2620.0
132,2.64,2640.0
133,2.66,2660.0
134,2.68,2680.0
135,2.7,2700.0
136,2.72,2720.0
137,2.74,2740.0
138,2.7600000000000002,2760.0000000000005
139,2.7800000000000002,2780.0000000000005
140,2.8000000000000003,2800.0000000000005
141,2.82,2820.0
142,2.84,2840.0
143,2.86,2860.0
144,2.88,2880.0
145,2.9,2900.0
146,2.92,2920.0
147,2.94,2940.0
148,2.96,2960.0
149,2.98,2980.0
150,3.0,3000.0
151,3.02,3020.0
152,3.04,3040.0
153,3.06,3060.0
154,3.08,3080.0
155,3.1,3100.0
156,3.12,3120.0
157,3.14,3140.0
158,3.16,3160.0
159,3.18,3180.0
160,3.2,3200.0
161,3.22,3220.0
162,3.24,3240.0
163,3.2600000000000002,3260.0000000000005
164,3.2800000000000002,3280.0000000000005
165,3.3000000000000003,3300.0000000000005
166,3.3200000000000003,3320.0000000000005
167,3.34,3340.0
168,3.36,3360.0
169,3.38,3380.0
170,3.4,3400.0
171,3.42,3420.0
172,3.44,3440.0
173,3.46,3460.0
174,3.48,3480.0
175,3.5,3500.0
176,3.52,3520.0
177,3.54,3540.0
178,3.56,3560.0
179,3.58,3580.0
180,3.6,3600.0
181,3.62,3620.0
182,3.64,3640.0
183,3.66,3660.0
184,3.68,3680.0
185,3.7,3700.0
186,3.72,3720.0
187,3.74,3740.0
188,3.7600000000000002,3760.0000000000005
189,3.7800000000000002,3780.0000000000005
190,3.8000000000000003,3800.0000000000005
191,3.8200000000000003,3820.0000000000005
192,3.84,3840.0
193,3.86,3860.0
194,3.88,3880.0
195,3.9,3900.0
196,3.92,3920.0
197,3.94,3940.0
198,3.96,3960.0
199,3.98,3980.0
200,4.0,4000.0
201,4.0200000000000005,4020.0000000000005
202,4.04,4040.0
203,4.0600000000000005,4060.0000000000005
204,4.08,4080.0
205,4.1,4100.0
206,4.12,4120.0
207,4.14,4140.0
208,4.16,4160.0
209,4.18,4180.0
210,4.2,4200.0
211,4.22,4220.0
212,4.24,4240.0
213,4.26,4260.0
214,4.28,4280.0
215,4.3,4300.0
216,4.32,4320.0
217,4.34,4340.0
218,4.36,4360.0
219,4.38,4380.0
220,4.4,4400.0
221,4.42,4420.0
222,4.44,4440.0
223,4.46,4460.0
224,4.48,4480.0
225,4.5,4500.0
226,4.5200000000000005,4520.000000000001
227,4.54,4540.0
228,4.5600000000000005,4560.000000000001
229,4.58,4580.0
230,4.6000000000000005,4600.000000000001
231,4.62,4620.0
232,4.64,4640.0
233,4.66,4660.0
234,4.68,4680.0
235,4.7,4700.0
236,4.72,4720.0
237,4.74,4740.0
238,4.76,4760.0
239,4.78,4780.0
240,4.8,4800.0
241,4.82,4820.0
242,4.84,4840.0
243,4.86,4860.0
244,4.88,4880.0
245,4.9,4900.0
246,4.92,4920.0
247,4.94,4940.0
248,4.96,4960.0
249,4.98,4980.0
250,5.0,5000.0
251,5.0200000000000005,5020.000000000001
252,5.04,5040.0
253,5.0600000000000005,5060.000000000001
254,5.08,5080.0
255,5.1000000000000005,5100.000000000001
256,5.12,5120.0
257,5.14,5140.0
258,5.16,5160.0
259,5.18,5180.0
260,5.2,5200.0
261,5.22,5220.0
262,5.24,5240.0
263,5.26,5260.0
264,5.28,5280.0
265,5.3,5300.0
266,5.32,5320.0
267,5.34,5340.0
268,5.36,5360.0
269,5.38,5380.0
270,5.4,5400.0
271,5.42,5420.0
272,5.44,5440.0
273,5.46,5460.0
274,5.48,5480.0
275,5.5,5500.0
276,5.5200000000000005,5520.000000000001
277,5.54,5540.0
278,5.5600000000000005,5560.000000000001
279,5.58,5580.0
280,5.6000000000000005,5600.000000000001
281,5.62,5620.0
282,5.64,5640.0
283,5.66,5660.0
284,5.68,5680.0
285,5.7,5700.0
286,5.72,5720.0
287,5.74,5740.0
288,5.76,5760.0
289,5.78,5780.0
290,5.8,5800.0
291,5.82,5820.0
292,5.84,5840.0
293,5.86,5860.0
294,5.88,5880.0
295,5.9,5900.0
296,5.92,5920.0
297,5.94,5940.0
298,5.96,5960.0
299,5.98,5980.0
300,6.0,6000.0
301,6.0200000000000005,6020.000000000001
302,6.04,6040.0
303,6.0600000000000005,6060.000000000001
304,6.08,6080.0
305,6.1000000000000005,6100.000000000001
306,6.12,6120.0
307,6.140000000000001,6140.000000000001
308,6.16,6160.0
309,6.18,6180.0
310,6.2,6200.0
311,6.22,6220.0
312,6.24,6240.0
313,6.26,6260.0
314,6.28,6280.0
315,6.3,6300.0
316,6.32,6320.0
317,6.34,6340.0
318,6.36,6360.0
319,6.38,6380.0
320,6.4,6400.0
321,6.42,6420.0
322,6.44,6440.0
323,6.46,6460.0
324,6.48,6480.0
325,6.5,6500.0
326,6.5200000000000005,6520.000000000001
327,6.54,6540.0
328,6.5600000000000005,6560.000000000001
329,6.58,6580.0
330,6.6000000000000005,6600.000000000001
331,6.62,6620.0
332,6.640000000000001,6640.000000000001
333,6.66,6660.0
334,6.68,6680.0
335,6.7,6700.0
336,6.72,6720.0
337,6.74,6740.0
338,6.76,6760.0
339,6.78,6780.0
340,6.8,6800.0
341,6.82,6820.0
342,6.84,6840.0
343,6.86,6860.0
344,6.88,6880.0
345,6.9,6900.0
346,6.92,6920.0
347,6.94,6940.0
348,6.96,6960.0
349,6.98,6980.0
350,7.0,7000.0
351,7.0200000000000005,7020.000000000001
352,7.04,7040.0
353,7.0600000000000005,7060.000000000001
354,7.08,7080.0
355,7.1000000000000005,7100.000000000001
356,7.12,7120.0
357,7.140000000000001,7140.000000000001
358,7.16,7160.0
359,7.18,7180.0
360,7.2,7200.0
361,7.22,7220.0
362,7.24,7240.0
363,7.26,7260.0
364,7.28,7280.0
365,7.3,7300.0
366,7.32,7320.0
367,7.34,7340.0
368,7.36,7360.0
369,7.38,7380.0
370,7.4,7400.0
371,7.42,7420.0
372,7.44,7440.0
373,7.46,7460.0
374,7.48,7480.0
375,7.5,7500.0
376,7.5200000000000005,7520.000000000001
377,7.54,7540.0
378,7.5600000000000005,7560.000000000001
379,7.58,7580.0
380,7.6000000000000005,7600.000000000001
381,7.62,7620.0
382,7.640000000000001,7640.000000000001
383,7.66,7660.0
384,7.68,7680.0
385,7.7,7700.0
386,7.72,7720.0
387,7.74,7740.0
388,7.76,7760.0
389,7.78,7780.0
390,7.8,7800.0
391,7.82,7820.0
392,7.84,7840.0
393,7.86,7860.0
394,7.88,7880.0
395,7.9,7900.0
396,7.92,7920.0
397,7.94,7940.0
398,7.96,7960.0
399,7.98,7980.0
400,8.0,8000.0
401,8.02,8020.0
402,8.040000000000001,8040.000000000001
403,8.06,8060.000000000001
404,8.08,8080.0
405,8.1,8100.0
406,8.120000000000001,8120.000000000001
407,8.14,8140.000000000001
408,8.16,8160.0
409,8.18,8180.0
410,8.2,8200.0
411,8.22,8220.0
412,8.24,8240.0
413,8.26,8260.0
414,8.28,8280.0
415,8.3,8300.0
416,8.32,8320.0
417,8.34,8340.0
418,8.36,8360.0
419,8.38,8380.0
420,8.4,8400.0
421,8.42,8420.0
422,8.44,8440.0
423,8.46,8460.0
424,8.48,8480.0
425,8.5,8500.0
426,8.52,8520.0
427,8.540000000000001,8540.000000000002
428,8.56,8560.0
429,8.58,8580.0
430,8.6,8600.0
431,8.620000000000001,8620.000000000002
432,8.64,8640.0
433,8.66,8660.0
434,8.68,8680.0
435,8.700000000000001,8700.000000000002
436,8.72,8720.0
437,8.74,8740.0
438,8.76,8760.0
439,8.78,8780.0
440,8.8,8800.0
441,8.82,8820.0
442,8.84,8840.0
443,8.86,8860.0
444,8.88,8880.0
445,8.9,8900.0
446,8.92,8920.0
447,8.94,8940.0
448,8.96,8960.0
449,8.98,8980.0
450,9.0,9000.0
451,9.02,9020.0
452,9.040000000000001,9040.000000000002
453,9.06,9060.0
454,9.08,9080.0
455,9.1,9100.0
456,9.120000000000001,9120.000000000002
457,9.14,9140.0
458,9.16,9160.0
459,9.18,9180.0
460,9.200000000000001,9200.000000000002
461,9.22,9220.0
462,9.24,9240.0
463,9.26,9260.0
464,9.28,9280.0
465,9.3,9300.0
466,9.32,9320.0
467,9.34,9340.0
468,9.36,9360.0
469,9.38,9380.0
470,9.4,9400.0
471,9.42,9420.0
472,9.44,9440.0
473,9.46,9460.0
474,9.48,9480.0
475,9.5,9500.0
476,9.52,9520.0
477,9.540000000000001,9540.000000000002
478,9.56,9560.0
479,9.58,9580.0
480,9.6,9600.0
481,9.620000000000001,9620.000000000002
482,9.64,9640.0
483,9.66,9660.0
484,9.68,9680.0
485,9.700000000000001,9700.000000000002
486,9.72,9720.0
487,9.74,9740.0
488,9.76,9760.0
489,9.78,9780.0
490,9.8,9800.0
491,9.82,9820.0
492,9.84,9840.0
493,9.86,9860.0
494,9.88,9880.0
495,9.9,9900.0
496,9.92,9920.0
497,9.94,9940.0
498,9.96,9960.0
499,9.98,9980.0
500,10.0,10000.0
501,10.02,10020.0
502,10.040000000000001,10040.000000000002
503,10.06,10060.0
504,10.08,10080.0
505,10.1,10100.0
506,10.120000000000001,10120.000000000002
507,10.14,10140.0
508,10.16,10160.0
509,10.18,10180.0
510,10.200000000000001,10200.000000000002
511,10.22,10220.0
512,10.24,10240.0
513,10.26,10260.0
514,10.28,10280.0
515,10.3,10300.0
516,10.32,10320.0
517,10.34,10340.0
518,10.36,10360.0
519,10.38,10380.0
520,10.4,10400.0
521,10.42,10420.0
522,10.44,10440.0
523,10.46,10460.0
524,10.48,10480.0
525,10.5,10500.0
526,10.52,10520.0
527,10.540000000000001,10540.000000000002
528,10.56,10560.0
529,10.58,10580.0
530,10.6,10600.0
531,10.620000000000001,10620.000000000002
532,10.64,10640.0
533,10.66,10660.0
534,10.68,10680.0
535,10.700000000000001,10700.000000000002
536,10.72,10720.0
537,10.74,10740.0
538,10.76,10760.0
539,10.78,10780.0
540,10.8,10800.0
541,10.82,10820.0
542,10.84,10840.0
543,10.86,10860.0
544,10.88,10880.0
545,10.9,10900.0
546,10.92,10920.0
547,10.94,10940.0
548,10.96,10960.0
549,10.98,10980.0
550,11.0,11000.0
551,11.02,11020.0
552,11.040000000000001,11040.000000000002
553,11.06,11060.0
554,11.08,11080.0
555,11.1,11100.0
556,11.120000000000001,11120.000000000002
557,11.14,11140.0
558,11.16,11160.0
559,11.18,11180.0
560,11.200000000000001,11200.000000000002
561,11.22,11220.0
562,11.24,11240.0
563,11.26,11260.0
564,11.28,11280.0
565,11.3,11300.0
566,11.32,11320.0
567,11.34,11340.0
568,11.36,11360.0
569,11.38,11380.0
570,11.4,11400.0
571,11.42,11420.0
572,11.44,11440.0
573,11.46,11460.0
574,11.48,11480.0
575,11.5,11500.0
576,11.52,11520.0
577,11.540000000000001,11540.000000000002
578,11.56,11560.0
579,11.58,11580.0
580,11.6,11600.0
581,11.620000000000001,11620.000000000002
582,11.64,11640.0
583,11.66,11660.0
584,11.68,11680.0
585,11.700000000000001,11700.000000000002
586,11.72,11720.0
587,11.74,11740.0
588,11.76,11760.0
589,11.78,11780.0
590,11.8,11800.0
591,11.82,11820.0
592,11.84,11840.0
593,11.86,11860.0
594,11.88,11880.0
595,11.9,11900.0
596,11.92,11920.0
597,11.94,11940.0
598,11.96,11960.0
599,11.98,11980.0
600,12.0,12000.0
601,12.02,12020.0
602,12.040000000000001,12040.000000000002
603,12.06,12060.0
604,12.08,12080.0
605,12.1,12100.0
606,12.120000000000001,12120.000000000002
607,12.14,12140.0
608,12.16,12160.0
609,12.18,12180.0
610,12.200000000000001,12200.000000000002
611,12.22,12220.0
612,12.24,12240.0
613,12.26,12260.0
614,12.280000000000001,12280.000000000002
615,12.3,12300.0
616,12.32,12320.0
617,12.34,12340.0
618,12.36,12360.0
619,12.38,12380.0
620,12.4,12400.0
621,12.42,12420.0
622,12.44,12440.0
623,12.46,12460.0
624,12.48,12480.0
625,12.5,12500.0
626,12.52,12520.0
627,12.540000000000001,12540.000000000002
628,12.56,12560.0
629,12.58,12580.0
630,12.6,12600.0
631,12.620000000000001,12620.000000000002
632,12.64,12640.0
633,12.66,12660.0
634,12.68,12680.0
635,12.700000000000001,12700.000000000002
636,12.72,12720.0
637,12.74,12740.0
638,12.76,12760.0
639,12.780000000000001,12780.000000000002
640,12.8,12800.0
641,12.82,12820.0
642,12.84,12840.0
643,12.86,12860.0
644,12.88,12880.0
645,12.9,12900.0
646,12.92,12920.0
647,12.94,12940.0
648,12.96,12960.0
649,12.98,12980.0
650,13.0,13000.0
651,13.02,13020.0
652,13.040000000000001,13040.000000000002
653,13.06,13060.0
654,13.08,13080.0
655,13.1,13100.0
656,13.120000000000001,13120.000000000002
657,13.14,13140.0
658,13.16,13160.0
659,13.18,13180.0
660,13.200000000000001,13200.000000000002
661,13.22,13220.0
662,13.24,13240.0
663,13.26,13260.0
664,13.280000000000001,13280.000000000002
665,13.3,13300.0
666,13.32,13320.0
667,13.34,13340.0
668,13.36,13360.0
669,13.38,13380.0
670,13.4,13400.0
671,13.42,13420.0
672,13.44,13440.0
673,13.46,13460.0
674,13.48,13480.0
675,13.5,13500.0
676,13.52,13520.0
677,13.540000000000001,13540.000000000002
678,13.56,13560.0
679,13.58,13580.0
680,13.6,13600.0
681,13.620000000000001,13620.000000000002
682,13.64,13640.0
683,13.66,13660.0
684,13.68,13680.0
685,13.700000000000001,13700.000000000002
686,13.72,13720.0
687,13.74,13740.0
688,13.76,13760.0
689,13.780000000000001,13780.000000000002
690,13.8,13800.0
691,13.82,13820.0
692,13.84,13840.0
693,13.86,13860.0
694,13.88,13880.0
695,13.9,13900.0
696,13.92,13920.0
697,13.94,13940.0
698,13.96,13960.0
699,13.98,13980.0
700,14.0,14000.0
701,14.02,14020.0
702,14.040000000000001,14040.000000000002
703,14.06,14060.0
704,14.08,14080.0
705,14.1,14100.0
706,14.120000000000001,14120.000000000002
707,14.14,14140.0
708,14.16,14160.0
709,14.18,14180.0
710,14.200000000000001,14200.000000000002
711,14.22,14220.0
712,14.24,14240.0
713,14.26,14260.0
714,14.280000000000001,14280.000000000002
715,14.3,14300.0
716,14.32,14320.0
717,14.34,14340.0
718,14.36,14360.0
719,14.38,14380.0
720,14.4,14400.0
721,14.42,14420.0
722,14.44,14440.0
723,14.46,14460.0
724,14.48,14480.0
725,14.5,14500.0
726,14.52,14520.0
727,14.540000000000001,14540.000000000002
728,14.56,14560.0
729,14.58,14580.0
730,14.6,14600.0
731,14.620000000000001,14620.000000000002
732,14.64,14640.0
733,14.66,14660.0
734,14.68,14680.0
735,14.700000000000001,14700.000000000002
736,14.72,14720.0
737,14.74,14740.0
738,14.76,14760.0
739,14.780000000000001,14780.000000000002
740,14.8,14800.0
741,14.82,14820.0
742,14.84,14840.0
743,14.86,14860.0
744,14.88,14880.0
745,14.9,14900.0
746,14.92,14920.0
747,14.94,14940.0
748,14.96,14960.0
749,14.98,14980.0
750,15.0,15000.0
751,15.02,15020.0
752,15.040000000000001,15040.000000000002
753,15.06,15060.0
754,15.08,15080.0
755,15.1,15100.0
756,15.120000000000001,15120.000000000002
757,15.14,15140.0
758,15.16,15160.0
759,15.18,15180.0
760,15.200000000000001,15200.000000000002
761,15.22,15220.0
762,15.24,15240.0
763,15.26,15260.0
764,15.280000000000001,15280.000000000002
765,15.3,15300.0
766,15.32,15320.0
767,15.34,15340.0
768,15.36,15360.0
769,15.38,15380.0
770,15.4,15400.0
771,15.42,15420.0
772,15.44,15440.0
773,15.46,15460.0
774,15.48,15480.0
775,15.5,15500.0
776,15.52,15520.0
777,15.540000000000001,15540.000000000002
778,15.56,15560.0
779,15.58,15580.0
780,15.6,15600.0
781,15.620000000000001,15620.000000000002
782,15.64,15640.0
783,15.66,15660.0
784,15.68,15680.0
785,15.700000000000001,15700.000000000002
786,15.72,15720.0
787,15.74,15740.0
788,15.76,15760.0
789,15.780000000000001,15780.000000000002
790,15.8,15800.0
791,15.82,15820.0
792,15.84,15840.0
793,15.860000000000001,15860.000000000002
794,15.88,15880.0
795,15.9,15900.0
796,15.92,15920.0
797,15.94,15940.0
798,15.96,15960.0
799,15.98,15980.0
800,16.0,16000.0
801,16.02,16020.0
802,16.04,16040.0
803,16.06,16059.999999999998
804,16.080000000000002,16080.000000000002
805,16.1,16100.000000000002
806,16.12,16120.000000000002
807,16.14,16140.0
808,16.16,16160.0
809,16.18,16180.0
810,16.2,16200.0
811,16.22,16219.999999999998
812,16.240000000000002,16240.000000000002
813,16.26,16260.000000000002
814,16.28,16280.000000000002
815,16.3,16300.0
816,16.32,16320.0
817,16.34,16340.0
818,16.36,16360.0
819,16.38,16379.999999999998
820,16.4,16400.0
821,16.42,16420.0
822,16.44,16440.0
823,16.46,16460.0
824,16.48,16480.0
825,16.5,16500.0
826,16.52,16520.0
827,16.54,16540.0
828,16.56,16560.0
829,16.580000000000002,16580.000000000004
830,16.6,16600.0
831,16.62,16620.0
832,16.64,16640.0
833,16.66,16660.0
834,16.68,16680.0
835,16.7,16700.0
836,16.72,16720.0
837,16.740000000000002,16740.000000000004
838,16.76,16760.0
839,16.78,16780.0
840,16.8,16800.0
841,16.82,16820.0
842,16.84,16840.0
843,16.86,16860.0
844,16.88,16880.0
845,16.9,16900.0
846,16.92,16920.0
847,16.94,16940.0
848,16.96,16960.0
849,16.98,16980.0
850,17.0,17000.0
851,17.02,17020.0
852,17.04,17040.0
853,17.06,17060.0
854,17.080000000000002,17080.000000000004
855,17.1,17100.0
856,17.12,17120.0
857,17.14,17140.0
858,17.16,17160.0
859,17.18,17180.0
860,17.2,17200.0
861,17.22,17220.0
862,17.240000000000002,17240.000000000004
863,17.26,17260.0
864,17.28,17280.0
865,17.3,17300.0
866,17.32,17320.0
867,17.34,17340.0
868,17.36,17360.0
869,17.38,17380.0
870,17.400000000000002,17400.000000000004
871,17.42,17420.0
872,17.44,17440.0
873,17.46,17460.0
874,17.48,17480.0
875,17.5,17500.0
876,17.52,17520.0
877,17.54,17540.0
878,17.56,17560.0
879,17.580000000000002,17580.000000000004
880,17.6,17600.0
881,17.62,17620.0
882,17.64,17640.0
883,17.66,17660.0
884,17.68,17680.0
885,17.7,17700.0
886,17.72,17720.0
887,17.740000000000002,17740.000000000004
888,17.76,17760.0
889,17.78,17780.0
890,17.8,17800.0
891,17.82,17820.0
892,17.84,17840.0
893,17.86,17860.0
894,17.88,17880.0
895,17.900000000000002,17900.000000000004
896,17.92,17920.0
897,17.94,17940.0
898,17.96,17960.0
899,17.98,17980.0
900,18.0,18000.0
901,18.02,18020.0
902,18.04,18040.0
903,18.06,18060.0
904,18.080000000000002,18080.000000000004
905,18.1,18100.0
906,18.12,18120.0
907,18.14,18140.0
908,18.16,18160.0
909,18.18,18180.0
910,18.2,18200.0
911,18.22,18220.0
912,18.240000000000002,18240.000000000004
913,18.26,18260.0
914,18.28,18280.0
915,18.3,18300.0
916,18.32,18320.0
917,18.34,18340.0
918,18.36,18360.0
919,18.38,18380.0
920,18.400000000000002,18400.000000000004
921,18.42,18420.0
922,18.44,18440.0
923,18.46,18460.0
924,18.48,18480.0
925,18.5,18500.0
926,18.52,18520.0
927,18.54,18540.0
928,18.56,18560.0
929,18.580000000000002,18580.000000000004
930,18.6,18600.0
931,18.62,18620.0
932,18.64,18640.0
933,18.66,18660.0
934,18.68,18680.0
935,18.7,18700.0
936,18.72,18720.0
937,18.740000000000002,18740.000000000004
938,18.76,18760.0
939,18.78,18780.0
940,18.8,18800.0
941,18.82,18820.0
942,18.84,18840.0
943,18.86,18860.0
944,18.88,18880.0
945,18.900000000000002,18900.000000000004
946,18.92,18920.0
947,18.94,18940.0
948,18.96,18960.0
949,18.98,18980.0
950,19.0,19000.0
951,19.02,19020.0
952,19.04,19040.0
953,19.06,19060.0
954,19.080000000000002,19080.000000000004
955,19.1,19100.0
956,19.12,19120.0
957,19.14,19140.0
958,19.16,19160.0
959,19.18,19180.0
960,19.2,19200.0
961,19.22,19220.0
962,19.240000000000002,19240.000000000004
963,19.26,19260.0
964,19.28,19280.0
965,19.3,19300.0
966,19.32,19320.0
967,19.34,19340.0
968,19.36,19360.0
969,19.38,19380.0
970,19.400000000000002,19400.000000000004
971,19.42,19420.0
972,19.44,19440.0
973,19.46,19460.0
974,19.48,19480.0
975,19.5,19500.0
976,19.52,19520.0
977,19.54,19540.0
978,19.56,19560.0
979,19.580000000000002,19580.000000000004
980,19.6,19600.0
981,19.62,19620.0
982,19.64,19640.0
983,19.66,19660.0
984,19.68,19680.0
985,19.7,19700.0
986,19.72,19720.0
987,19.740000000000002,19740.000000000004
988,19.76,19760.0
989,19.78,19780.0
990,19.8,19800.0
991,19.82,19820.0
992,19.84,19840.0
993,19.86,19860.0
994,19.88,19880.0
995,19.900000000000002,19900.000000000004
996,19.92,19920.0
997,19.94,19940.0
998,19.96,19960.0
999,19.98,19980.0
1000,20.0,20000.0
1001,20.02,20020.0
1002,20.04,20040.0
1003,20.06,20060.0
1004,20.080000000000002,20080.000000000004
1005,20.1,20100.0
1006,20.12,20120.0
1007,20.14,20140.0
1008,20.16,20160.0
1009,20.18,20180.0
1010,20.2,20200.0
1011,20.22,20220.0
1012,20.240000000000002,20240.000000000004
1013,20.26,20260.0
1014,20.28,20280.0
1015,20.3,20300.0
1016,20.32,20320.0
1017,20.34,20340.0
1018,20.36,20360.0
1019,20.38,20380.0
1020,20.400000000000002,20400.000000000004
1021,20.42,20420.0
1022,20.44,20440.0
1023,20.46,20460.0
1024,20.48,20480.0
1025,20.5,20500.0
1026,20.52,20520.0
1027,20.54,20540.0
1028,20.56,20560.0
1029,20.580000000000002,20580.000000000004
1030,20.6,20600.0
1031,20.62,20620.0
1032,20.64,20640.0
1033,20.66,20660.0
1034,20.68,20680.0
1035,20.7,20700.0
1036,20.72,20720.0
1037,20.740000000000002,20740.000000000004
1038,20.76,20760.0
1039,20.78,20780.0
1040,20.8,20800.0
1041,20.82,20820.0
1042,20.84,20840.0
1043,20.86,20860.0
1044,20.88,20880.0
1045,20.900000000000002,20900.000000000004
1046,20.92,20920.0
1047,20.94,20940.0
1048,20.96,20960.0
1049,20.98,20980.0
1050,21.0,21000.0
1051,21.02,21020.0
1052,21.04,21040.0
1053,21.06,21060.0
1054,21.080000000000002,21080.000000000004
1055,21.1,21100.0
1056,21.12,21120.0
1057,21.14,21140.0
1058,21.16,21160.0
1059,21.18,21180.0
1060,21.2,21200.0
1061,21.22,21220.0
1062,21.240000000000002,21240.000000000004
1063,21.26,21260.0
1064,21.28,21280.0
1065,21.3,21300.0
1066,21.32,21320.0
1067,21.34,21340.0
1068,21.36,21360.0
1069,21.38,21380.0
1070,21.400000000000002,21400.000000000004
1071,21.42,21420.0
1072,21.44,21440.0
1073,21.46,21460.0
1074,21.48,21480.0
1075,21.5,21500.0
1076,21.52,21520.0
1077,21.54,21540.0
1078,21.56,21560.0
1079,21.580000000000002,21580.000000000004
1080,21.6,21600.0
1081,21.62,21620.0
1082,21.64,21640.0
1083,21.66,21660.0
1084,21.68,21680.0
1085,21.7,21700.0
1086,21.72,21720.0
1087,21.740000000000002,21740.000000000004
1088,21.76,21760.0
1089,21.78,21780.0
1090,21.8,21800.0
1091,21.82,21820.0
1092,21.84,21840.0
1093,21.86,21860.0
1094,21.88,21880.0
1095,21.900000000000002,21900.000000000004
1096,21.92,21920.0
1097,21.94,21940.0
1098,21.96,21960.0
1099,21.98,21980.0
1100,22.0,22000.0
1101,22.02,22020.0
1102,22.04,22040.0
1103,22.06,22060.0
1104,22.080000000000002,22080.000000000004
1105,22.1,22100.0
1106,22.12,22120.0
1107,22.14,22140.0
1108,22.16,22160.0
1109,22.18,22180.0
1110,22.2,22200.0
1111,22.22,22220.0
1112,22.240000000000002,22240.000000000004
1113,22.26,22260.0
1114,22.28,22280.0
1115,22.3,22300.0
1116,22.32,22320.0
1117,22.34,22340.0
1118,22.36,22360.0
1119,22.38,22380.0
1120,22.400000000000002,22400.000000000004
1121,22.42,22420.0
1122,22.44,22440.0
1123,22.46,22460.0
1124,22.48,22480.0
1125,22.5,22500.0
1126,22.52,22520.0
1127,22.54,22540.0
1128,22.56,22560.0
1129,22.580000000000002,22580.000000000004
1130,22.6,22600.0
1131,22.62,22620.0
1132,22.64,22640.0
1133,22.66,22660.0
1134,22.68,22680.0
1135,22.7,22700.0
1136,22.72,22720.0
1137,22.740000000000002,22740.000000000004
1138,22.76,22760.0
1139,22.78,22780.0
1140,22.8,22800.0
1141,22.82,22820.0
1142,22.84,22840.0
1143,22.86,22860.0
1144,22.88,22880.0
1145,22.900000000000002,22900.000000000004
1146,22.92,22920.0
1147,22.94,22940.0
1148,22.96,22960.0
1149,22.98,22980.0
1150,23.0,23000.0
1151,23.02,23020.0
1152,23.04,23040.0
1153,23.06,23060.0
1154,23.080000000000002,23080.000000000004
1155,23.1,23100.0
1156,23.12,23120.0
1157,23.14,23140.0
1158,23.16,23160.0
1159,23.18,23180.0
1160,23.2,23200.0
1161,23.22,23220.0
1162,23.240000000000002,23240.000000000004
1163,23.26,23260.0
1164,23.28,23280.0
1165,23.3,23300.0
1166,23.32,23320.0
1167,23.34,23340.0
1168,23.36,23360.0
1169,23.38,23380.0
1170,23.400000000000002,23400.000000000004
1171,23.42,23420.0
1172,23.44,23440.0
1173,23.46,23460.0
1174,23.48,23480.0
1175,23.5,23500.0
1176,23.52,23520.0
1177,23.54,23540.0
1178,23.56,23560.0
1179,23.580000000000002,23580.000000000004
1180,23.6,23600.0
1181,23.62,23620.0
1182,23.64,23640.0
1183,23.66,23660.0
1184,23.68,23680.0
1185,23.7,23700.0
1186,23.72,23720.0
1187,23.740000000000002,23740.000000000004
1188,23.76,23760.0
1189,23.78,23780.0
1190,23.8,23800.0
1191,23.82,23820.0
1192,23.84,23840.0
1193,23.86,23860.0
1194,23.88,23880.0
1195,23.900000000000002,23900.000000000004
1196,23.92,23920.0
1197,23.94,23940.0
1198,23.96,23960.0
1199,23.98,23980.0
1200,24.0,24000.0
1201,24.02,24020.0
1202,24.04,24040.0
1203,24.060000000000002,24060.000000000004
1204,24.080000000000002,24080.000000000004
1205,24.1,24100.0
1206,24.12,24120.0
1207,24.14,24140.0
1208,24.16,24160.0
1209,24.18,24180.0
1210,24.2,24200.0
1211,24.22,24220.0
1212,24.240000000000002,24240.000000000004
1213,24.26,24260.0
1214,24.28,24280.0
1215,24.3,24300.0
1216,24.32,24320.0
1217,24.34,24340.0
1218,24.36,24360.0
1219,24.38,24380.0
1220,24.400000000000002,24400.000000000004
1221,24.42,24420.0
1222,24.44,24440.0
1223,24.46,24460.0
1224,24.48,24480.0
1225,24.5,24500.0
1226,24.52,24520.0
1227,24.54,24540.0
1228,24.560000000000002,24560.000000000004
1229,24.580000000000002,24580.000000000004
1230,24.6,24600.0
1231,24.62,24620.0
1232,24.64,24640.0
1233,24.66,24660.0
1234,24.68,24680.0
1235,24.7,24700.0
1236,24.72,24720.0
1237,24.740000000000002,24740.000000000004
1238,24.76,24760.0
1239,24.78,24780.0
1240,24.8,24800.0
1241,24.82,24820.0
1242,24.84,24840.0
1243,24.86,24860.0
1244,24.88,24880.0
1245,24.900000000000002,24900.000000000004
1246,24.92,24920.0
1247,24.94,24940.0
1248,24.96,24960.0
1249,24.98,24980.0
1250,25.0,25000.0
1251,25.02,25020.0
1252,25.04,25040.0
1253,25.060000000000002,25060.000000000004
1254,25.080000000000002,25080.000000000004
1255,25.1,25100.0
1256,25.12,25120.0
1257,25.14,25140.0
1258,25.16,25160.0
1259,25.18,25180.0
1260,25.2,25200.0
1261,25.22,25220.0
1262,25.240000000000002,25240.000000000004
1263,25.26,25260.0
1264,25.28,25280.0
1265,25.3,25300.0
1266,25.32,25320.0
1267,25.34,25340.0
1268,25.36,25360.0
1269,25.38,25380.0
1270,25.400000000000002,25400.000000000004
1271,25.42,25420.0
1272,25.44,25440.0
1273,25.46,25460.0
1274,25.48,25480.0
1275,25.5,25500.0
1276,25.52,25520.0
1277,25.54,25540.0
1278,25.560000000000002,25560.000000000004
1279,25.580000000000002,25580.000000000004
1280,25.6,25600.0
1281,25.62,25620.0
1282,25.64,25640.0
1283,25.66,25660.0
1284,25.68,25680.0
1285,25.7,25700.0
1286,25.72,25720.0
1287,25.740000000000002,25740.000000000004
1288,25.76,25760.0
1289,25.78,25780.0
1290,25.8,25800.0
1291,25.82,25820.0
1292,25.84,25840.0
1293,25.86,25860.0
1294,25.88,25880.0
1295,25.900000000000002,25900.000000000004
1296,25.92,25920.0
1297,25.94,25940.0
1298,25.96,25960.0
1299,25.98,25980.0
1300,26.0,26000.0
1301,26.02,26020.0
1302,26.04,26040.0
1303,26.060000000000002,26060.000000000004
1304,26.080000000000002,26080.000000000004
1305,26.1,26100.0
1306,26.12,26120.0
1307,26.14,26140.0
1308,26.16,26160.0
1309,26.18,26180.0
1310,26.2,26200.0
1311,26.22,26220.0
1312,26.240000000000002,26240.000000000004
1313,26.26,26260.0
1314,26.28,26280.0
1315,26.3,26300.0
1316,26.32,26320.0
1317,26.34,26340.0
1318,26.36,26360.0
1319,26.38,26380.0
1320,26.400000000000002,26400.000000000004
1321,26.42,26420.0
1322,26.44,26440.0
1323,26.46,26460.0
1324,26.48,26480.0
1325,26.5,26500.0
1326,26.52,26520.0
1327,26.54,26540.0
1328,26.560000000000002,26560.000000000004
1329,26.580000000000002,26580.000000000004
1330,26.6,26600.0
1331,26.62,26620.0
1332,26.64,26640.0
1333,26.66,26660.0
1334,26.68,26680.0
1335,26.7,26700.0
1336,26.72,26720.0
1337,26.740000000000002,26740.000000000004
1338,26.76,26760.0
1339,26.78,26780.0
1340,26.8,26800.0
1341,26.82,26820.0
1342,26.84,26840.0
1343,26.86,26860.0
1344,26.88,26880.0
1345,26.900000000000002,26900.000000000004
1346,26.92,26920.0
1347,26.94,26940.0
1348,26.96,26960.0
1349,26.98,26980.0
1350,27.0,27000.0
1351,27.02,27020.0
1352,27.04,27040.0
1353,27.060000000000002,27060.000000000004
1354,27.080000000000002,27080.000000000004
1355,27.1,27100.0
1356,27.12,27120.0
1357,27.14,27140.0
1358,27.16,27160.0
1359,27.18,27180.0
1360,27.2,27200.0
1361,27.22,27220.0
1362,27.240000000000002,27240.000000000004
1363,27.26,27260.0
1364,27.28,27280.0
1365,27.3,27300.0
1366,27.32,27320.0
1367,27.34,27340.0
1368,27.36,27360.0
1369,27.38,27380.0
1370,27.400000000000002,27400.000000000004
1371,27.42,27420.0
1372,27.44,27440.0
1373,27.46,27460.0
1374,27.48,27480.0
1375,27.5,27500.0
1376,27.52,27520.0
1377,27.54,27540.0
1378,27.560000000000002,27560.000000000004
1379,27.580000000000002,27580.000000000004
1380,27.6,27600.0
1381,27.62,27620.0
1382,27.64,27640.0
1383,27.66,27660.0
1384,27.68,27680.0
1385,27.7,27700.0
1386,27.72,27720.0
1387,27.740000000000002,27740.000000000004
1388,27.76,27760.0
1389,27.78,27780.0
1390,27.8,27800.0
1391,27.82,27820.0
1392,27.84,27840.0
1393,27.86,27860.0
1394,27.88,27880.0
1395,27.900000000000002,27900.000000000004
1396,27.92,27920.0
1397,27.94,27940.0
1398,27.96,27960.0
1399,27.98,27980.0
1400,28.0,28000.0
1401,28.02,28020.0
1402,28.04,28040.0
1403,28.060000000000002,28060.000000000004
1404,28.080000000000002,28080.000000000004
1405,28.1,28100.0
1406,28.12,28120.0
1407,28.14,28140.0
1408,28.16,28160.0
1409,28.18,28180.0
1410,28.2,28200.0
1411,28.22,28220.0
1412,28.240000000000002,28240.000000000004
1413,28.26,28260.0
1414,28.28,28280.0
1415,28.3,28300.0
1416,28.32,28320.0
1417,28.34,28340.0
1418,28.36,28360.0
1419,28.38,28380.0
1420,28.400000000000002,28400.000000000004
1421,28.42,28420.0
1422,28.44,28440.0
1423,28.46,28460.0
1424,28.48,28480.0
1425,28.5,28500.0
1426,28.52,28520.0
1427,28.54,28540.0
1428,28.560000000000002,28560.000000000004
1429,28.580000000000002,28580.000000000004
1430,28.6,28600.0
1431,28.62,28620.0
1432,28.64,28640.0
1433,28.66,28660.0
1434,28.68,28680.0
1435,28.7,28700.0
1436,28.72,28720.0
1437,28.740000000000002,28740.000000000004
1438,28.76,28760.0
1439,28.78,28780.0
1440,28.8,28800.0
1441,28.82,28820.0
1442,28.84,28840.0
1443,28.86,28860.0
1444,28.88,28880.0
1445,28.900000000000002,28900.000000000004
1446,28.92,28920.0
1447,28.94,28940.0
1448,28.96,28960.0
1449,28.98,28980.0
1450,29.0,29000.0
1451,29.02,29020.0
1452,29.04,29040.0
1453,29.060000000000002,29060.000000000004
1454,29.080000000000002,29080.000000000004
1455,29.1,29100.0
1456,29.12,29120.0
1457,29.14,29140.0
1458,29.16,29160.0
1459,29.18,29180.0
1460,29.2,29200.0
1461,29.22,29220.0
1462,29.240000000000002,29240.000000000004
1463,29.26,29260.0
1464,29.28,29280.0
1465,29.3,29300.0
1466,29.32,29320.0
1467,29.34,29340.0
1468,29.36,29360.0
1469,29.38,29380.0
1470,29.400000000000002,29400.000000000004
1471,29.42,29420.0
1472,29.44,29440.0
1473,29.46,29460.0
1474,29.48,29480.0
1475,29.5,29500.0
1476,29.52,29520.0
1477,29.54,29540.0
1478,29.560000000000002,29560.000000000004
1479,29.580000000000002,29580.000000000004
1480,29.6,29600.0
1481,29.62,29620.0
1482,29.64,29640.0
1483,29.66,29660.0
1484,29.68,29680.0
1485,29.7,29700.0
1486,29.72,29720.0
1487,29.740000000000002,29740.000000000004
1488,29.76,29760.0
1489,29.78,29780.0
1490,29.8,29800.0
1491,29.82,29820.0
1492,29.84,29840.0
1493,29.86,29860.0
1494,29.88,29880.0
1495,29.900000000000002,29900.000000000004
1496,29.92,29920.0
1497,29.94,29940.0
1498,29.96,29960.0
1499,29.98,29980.0
