experiment,head,class,precision,recall,f1_score,support
Joint_6Head,domain,FINANCIAL,1.0,1.0,1.0,263
Joint_6Head,domain,GENERAL,1.0,1.0,1.0,80
Joint_6Head,domain,MEDICAL,1.0,1.0,1.0,72
Joint_6Head,subdomain,GENERAL_TOPIC,0.6591,0.8056,0.725,36
Joint_6Head,subdomain,HEALTHCARE,0.2537,0.5231,0.3417,65
Joint_6Head,subdomain,INDUSTRIAL_GOODS,0.2846,0.3889,0.3286,90
Joint_6Head,subdomain,MEDICAL_SPECIALTY,0.75,0.5833,0.6562,36
Joint_6Head,subdomain,TECHNOLOGY,0.0,0.0,0.0,108
Joint_6Head,subdomain,USER_INTERACTION_TYPE,1.0,1.0,1.0,80
Joint_6Head,intent,BUSINESS_OPERATIONS_AND_HEALTH,0.1429,0.0345,0.0556,29
Joint_6Head,intent,BUSINESS_STRATEGY_AND_PROJECT_PLANNING,0.1806,0.4815,0.2626,27
Joint_6Head,intent,COMMUNICATION_EMAIL_CALL_AND_CONTACTS,0.35,0.3889,0.3684,18
Joint_6Head,intent,FINANCIAL_OPERATIONS_RISK_AND_COMPLIANCE,0.0,0.0,0.0,37
Joint_6Head,intent,FINANCIAL_PERFORMANCE_AND_SEGMENT_ANALYSIS,0.2963,0.3556,0.3232,45
Joint_6Head,intent,FINANCIAL_REPORTING_AND_OUTLOOK,0.2809,0.431,0.3401,58
Joint_6Head,intent,GENERAL_ASSISTANCE_AND_QA,0.5652,0.3611,0.4407,36
Joint_6Head,intent,MARKET_AND_COMPETITIVE_OUTLOOK,0.0,0.0,0.0,14
Joint_6Head,intent,MEDIA_ENTERTAINMENT_AND_UTILITY,0.875,0.7,0.7778,40
Joint_6Head,intent,MEDICAL_ADVICE_AND_TREATMENT,0.75,0.6857,0.7164,35
Joint_6Head,intent,MEDICAL_SYMPTOM_AND_CONDITION,0.8636,0.7917,0.8261,24
Joint_6Head,intent,MEDICATION_DIAGNOSTICS_AND_CLINICAL_RESEARCH,0.2903,0.5625,0.383,16
Joint_6Head,intent,PRODUCT_AND_TECHNOLOGY_MANAGEMENT,0.0,0.0,0.0,19
Joint_6Head,intent,TIME_LOCATION_TRAVEL_AND_LOGISTICS,0.4643,0.7647,0.5778,17
Joint_6Head,entity_type,BUSINESS_GOVERNANCE_AND_RELATIONS,0.0,0.0,0.0,9
Joint_6Head,entity_type,BUSINESS_OPERATIONS_AND_LOGISTICS,0.0,0.0,0.0,27
Joint_6Head,entity_type,COMMUNICATION_AND_INTERACTION,1.0,0.3846,0.5556,13
Joint_6Head,entity_type,CORPORATE_FINANCIAL_PERFORMANCE,0.0,0.0,0.0,18
Joint_6Head,entity_type,DIAGNOSTIC_TEST_OR_RESULT,0.4,0.4444,0.4211,9
Joint_6Head,entity_type,ENTERTAINMENT_AND_MEDIA,1.0,0.7,0.8235,10
Joint_6Head,entity_type,FINANCIAL_METRICS_DETAIL,0.311,0.75,0.4397,68
Joint_6Head,entity_type,FINANCIAL_STRATEGY_AND_PLANNING,0.2281,0.3514,0.2766,37
Joint_6Head,entity_type,GENERAL_BUSINESS_ADMINISTRATION,0.5882,0.3571,0.4444,28
Joint_6Head,entity_type,GENERAL_INFORMATION_AND_MISCELLANEOUS,0.3919,0.6744,0.4957,43
Joint_6Head,entity_type,MARKET_AND_INDUSTRY_ANALYSIS,0.0,0.0,0.0,34
Joint_6Head,entity_type,MEDICAL_CONDITION_OR_CLINICAL_STATE,0.2727,0.4615,0.3429,13
Joint_6Head,entity_type,MEDICAL_SYMPTOM,0.8,0.7692,0.7843,26
Joint_6Head,entity_type,MEDICATION_OR_DRUG,0.5385,0.5833,0.56,12
Joint_6Head,entity_type,PERSONAL_AND_DAILY_LIFE,0.0,0.0,0.0,2
Joint_6Head,entity_type,PRODUCT_AND_SERVICE_MANAGEMENT,0.0,0.0,0.0,7
Joint_6Head,entity_type,REGULATORY_AND_ENVIRONMENTAL_CONTEXT,0.0,0.0,0.0,4
Joint_6Head,entity_type,SALES_AND_CUSTOMER_ENGAGEMENT,0.0,0.0,0.0,19
Joint_6Head,entity_type,TECHNOLOGY_AND_DIGITAL_INFRASTRUCTURE,0.0,0.0,0.0,17
Joint_6Head,entity_type,TREATMENT_OR_HEALTHCARE,1.0,0.2667,0.4211,15
Joint_6Head,urgency,CRITICAL,0.0,0.0,0.0,2
Joint_6Head,urgency,HIGH,0.1667,0.0556,0.0833,18
Joint_6Head,urgency,LOW,0.5229,0.6015,0.5594,133
Joint_6Head,urgency,MEDIUM,0.6193,0.5989,0.6089,182
Joint_6Head,emotion,ANGER,1.0,0.0952,0.1739,21
Joint_6Head,emotion,DISGUST,0.3158,0.25,0.2791,24
Joint_6Head,emotion,FEAR,0.5263,0.4167,0.4651,24
Joint_6Head,emotion,JOY,0.2885,0.5556,0.3797,27
Joint_6Head,emotion,NEUTRAL,0.25,0.1667,0.2,18
Joint_6Head,emotion,SADNESS,0.2381,0.2,0.2174,25
Joint_6Head,emotion,SURPRISE,0.2857,0.4762,0.3571,21
Single_domain,domain,FINANCIAL,1.0,1.0,1.0,263
Single_domain,domain,GENERAL,1.0,1.0,1.0,80
Single_domain,domain,MEDICAL,1.0,1.0,1.0,72
Single_subdomain,subdomain,GENERAL_TOPIC,0.5455,0.8333,0.6593,36
Single_subdomain,subdomain,HEALTHCARE,0.2473,0.3538,0.2911,65
Single_subdomain,subdomain,INDUSTRIAL_GOODS,0.3333,0.1333,0.1905,90
Single_subdomain,subdomain,MEDICAL_SPECIALTY,0.6471,0.3056,0.4151,36
Single_subdomain,subdomain,TECHNOLOGY,0.4328,0.537,0.4793,108
Single_subdomain,subdomain,USER_INTERACTION_TYPE,1.0,1.0,1.0,80
Single_intent,intent,BUSINESS_OPERATIONS_AND_HEALTH,0.0952,0.069,0.08,29
Single_intent,intent,BUSINESS_STRATEGY_AND_PROJECT_PLANNING,0.0833,0.037,0.0513,27
Single_intent,intent,COMMUNICATION_EMAIL_CALL_AND_CONTACTS,0.5556,0.2778,0.3704,18
Single_intent,intent,FINANCIAL_OPERATIONS_RISK_AND_COMPLIANCE,0.2143,0.0811,0.1176,37
Single_intent,intent,FINANCIAL_PERFORMANCE_AND_SEGMENT_ANALYSIS,0.2987,0.5111,0.377,45
Single_intent,intent,FINANCIAL_REPORTING_AND_OUTLOOK,0.2656,0.5862,0.3656,58
Single_intent,intent,GENERAL_ASSISTANCE_AND_QA,0.6522,0.4167,0.5085,36
Single_intent,intent,MARKET_AND_COMPETITIVE_OUTLOOK,0.0,0.0,0.0,14
Single_intent,intent,MEDIA_ENTERTAINMENT_AND_UTILITY,0.9032,0.7,0.7887,40
Single_intent,intent,MEDICAL_ADVICE_AND_TREATMENT,0.7209,0.8857,0.7949,35
Single_intent,intent,MEDICAL_SYMPTOM_AND_CONDITION,0.8462,0.9167,0.88,24
Single_intent,intent,MEDICATION_DIAGNOSTICS_AND_CLINICAL_RESEARCH,0.3333,0.1875,0.24,16
Single_intent,intent,PRODUCT_AND_TECHNOLOGY_MANAGEMENT,0.0,0.0,0.0,19
Single_intent,intent,TIME_LOCATION_TRAVEL_AND_LOGISTICS,0.5909,0.7647,0.6667,17
Single_entity_type,entity_type,BUSINESS_GOVERNANCE_AND_RELATIONS,0.0,0.0,0.0,9
Single_entity_type,entity_type,BUSINESS_OPERATIONS_AND_LOGISTICS,0.1515,0.1852,0.1667,27
Single_entity_type,entity_type,COMMUNICATION_AND_INTERACTION,0.6667,0.4615,0.5455,13
Single_entity_type,entity_type,CORPORATE_FINANCIAL_PERFORMANCE,0.0,0.0,0.0,18
Single_entity_type,entity_type,DIAGNOSTIC_TEST_OR_RESULT,0.6667,0.2222,0.3333,9
Single_entity_type,entity_type,ENTERTAINMENT_AND_MEDIA,0.8,0.8,0.8,10
Single_entity_type,entity_type,FINANCIAL_METRICS_DETAIL,0.4058,0.4118,0.4088,68
Single_entity_type,entity_type,FINANCIAL_STRATEGY_AND_PLANNING,0.2333,0.1892,0.209,37
Single_entity_type,entity_type,GENERAL_BUSINESS_ADMINISTRATION,0.9231,0.4286,0.5854,28
Single_entity_type,entity_type,GENERAL_INFORMATION_AND_MISCELLANEOUS,0.3596,0.7442,0.4848,43
Single_entity_type,entity_type,MARKET_AND_INDUSTRY_ANALYSIS,0.1429,0.2647,0.1856,34
Single_entity_type,entity_type,MEDICAL_CONDITION_OR_CLINICAL_STATE,0.3333,0.6154,0.4324,13
Single_entity_type,entity_type,MEDICAL_SYMPTOM,0.8214,0.8846,0.8519,26
Single_entity_type,entity_type,MEDICATION_OR_DRUG,0.6667,0.6667,0.6667,12
Single_entity_type,entity_type,PERSONAL_AND_DAILY_LIFE,0.0,0.0,0.0,2
Single_entity_type,entity_type,PRODUCT_AND_SERVICE_MANAGEMENT,0.0,0.0,0.0,7
Single_entity_type,entity_type,REGULATORY_AND_ENVIRONMENTAL_CONTEXT,0.0,0.0,0.0,4
Single_entity_type,entity_type,SALES_AND_CUSTOMER_ENGAGEMENT,0.0,0.0,0.0,19
Single_entity_type,entity_type,TECHNOLOGY_AND_DIGITAL_INFRASTRUCTURE,0.0,0.0,0.0,17
Single_entity_type,entity_type,TREATMENT_OR_HEALTHCARE,0.5,0.1333,0.2105,15
Single_urgency,urgency,CRITICAL,0.0,0.0,0.0,2
Single_urgency,urgency,HIGH,0.1429,0.1111,0.125,18
Single_urgency,urgency,LOW,0.5078,0.4887,0.4981,133
Single_urgency,urgency,MEDIUM,0.5907,0.6264,0.608,182
Single_emotion,emotion,ANGER,0.2759,0.381,0.32,21
Single_emotion,emotion,DISGUST,0.381,0.3333,0.3556,24
Single_emotion,emotion,FEAR,0.2857,0.25,0.2667,24
Single_emotion,emotion,JOY,0.4348,0.3704,0.4,27
Single_emotion,emotion,NEUTRAL,0.2083,0.2778,0.2381,18
Single_emotion,emotion,SADNESS,0.1714,0.24,0.2,25
Single_emotion,emotion,SURPRISE,0.5714,0.1905,0.2857,21
A_No_Balancing,domain,FINANCIAL,1.0,1.0,1.0,263
A_No_Balancing,domain,GENERAL,1.0,1.0,1.0,80
A_No_Balancing,domain,MEDICAL,1.0,1.0,1.0,72
A_No_Balancing,subdomain,GENERAL_TOPIC,0.6591,0.8056,0.725,36
A_No_Balancing,subdomain,HEALTHCARE,0.2537,0.5231,0.3417,65
A_No_Balancing,subdomain,INDUSTRIAL_GOODS,0.2846,0.3889,0.3286,90
A_No_Balancing,subdomain,MEDICAL_SPECIALTY,0.75,0.5833,0.6562,36
A_No_Balancing,subdomain,TECHNOLOGY,0.0,0.0,0.0,108
A_No_Balancing,subdomain,USER_INTERACTION_TYPE,1.0,1.0,1.0,80
A_No_Balancing,intent,BUSINESS_OPERATIONS_AND_HEALTH,0.1429,0.0345,0.0556,29
A_No_Balancing,intent,BUSINESS_STRATEGY_AND_PROJECT_PLANNING,0.1806,0.4815,0.2626,27
A_No_Balancing,intent,COMMUNICATION_EMAIL_CALL_AND_CONTACTS,0.35,0.3889,0.3684,18
A_No_Balancing,intent,FINANCIAL_OPERATIONS_RISK_AND_COMPLIANCE,0.0,0.0,0.0,37
A_No_Balancing,intent,FINANCIAL_PERFORMANCE_AND_SEGMENT_ANALYSIS,0.2963,0.3556,0.3232,45
A_No_Balancing,intent,FINANCIAL_REPORTING_AND_OUTLOOK,0.2809,0.431,0.3401,58
A_No_Balancing,intent,GENERAL_ASSISTANCE_AND_QA,0.5652,0.3611,0.4407,36
A_No_Balancing,intent,MARKET_AND_COMPETITIVE_OUTLOOK,0.0,0.0,0.0,14
A_No_Balancing,intent,MEDIA_ENTERTAINMENT_AND_UTILITY,0.875,0.7,0.7778,40
A_No_Balancing,intent,MEDICAL_ADVICE_AND_TREATMENT,0.75,0.6857,0.7164,35
A_No_Balancing,intent,MEDICAL_SYMPTOM_AND_CONDITION,0.8636,0.7917,0.8261,24
A_No_Balancing,intent,MEDICATION_DIAGNOSTICS_AND_CLINICAL_RESEARCH,0.2903,0.5625,0.383,16
A_No_Balancing,intent,PRODUCT_AND_TECHNOLOGY_MANAGEMENT,0.0,0.0,0.0,19
A_No_Balancing,intent,TIME_LOCATION_TRAVEL_AND_LOGISTICS,0.4643,0.7647,0.5778,17
A_No_Balancing,entity_type,BUSINESS_GOVERNANCE_AND_RELATIONS,0.0,0.0,0.0,9
A_No_Balancing,entity_type,BUSINESS_OPERATIONS_AND_LOGISTICS,0.0,0.0,0.0,27
A_No_Balancing,entity_type,COMMUNICATION_AND_INTERACTION,1.0,0.3846,0.5556,13
A_No_Balancing,entity_type,CORPORATE_FINANCIAL_PERFORMANCE,0.0,0.0,0.0,18
A_No_Balancing,entity_type,DIAGNOSTIC_TEST_OR_RESULT,0.4,0.4444,0.4211,9
A_No_Balancing,entity_type,ENTERTAINMENT_AND_MEDIA,1.0,0.7,0.8235,10
A_No_Balancing,entity_type,FINANCIAL_METRICS_DETAIL,0.311,0.75,0.4397,68
A_No_Balancing,entity_type,FINANCIAL_STRATEGY_AND_PLANNING,0.2281,0.3514,0.2766,37
A_No_Balancing,entity_type,GENERAL_BUSINESS_ADMINISTRATION,0.5882,0.3571,0.4444,28
A_No_Balancing,entity_type,GENERAL_INFORMATION_AND_MISCELLANEOUS,0.3919,0.6744,0.4957,43
A_No_Balancing,entity_type,MARKET_AND_INDUSTRY_ANALYSIS,0.0,0.0,0.0,34
A_No_Balancing,entity_type,MEDICAL_CONDITION_OR_CLINICAL_STATE,0.2727,0.4615,0.3429,13
A_No_Balancing,entity_type,MEDICAL_SYMPTOM,0.8,0.7692,0.7843,26
A_No_Balancing,entity_type,MEDICATION_OR_DRUG,0.5385,0.5833,0.56,12
A_No_Balancing,entity_type,PERSONAL_AND_DAILY_LIFE,0.0,0.0,0.0,2
A_No_Balancing,entity_type,PRODUCT_AND_SERVICE_MANAGEMENT,0.0,0.0,0.0,7
A_No_Balancing,entity_type,REGULATORY_AND_ENVIRONMENTAL_CONTEXT,0.0,0.0,0.0,4
A_No_Balancing,entity_type,SALES_AND_CUSTOMER_ENGAGEMENT,0.0,0.0,0.0,19
A_No_Balancing,entity_type,TECHNOLOGY_AND_DIGITAL_INFRASTRUCTURE,0.0,0.0,0.0,17
A_No_Balancing,entity_type,TREATMENT_OR_HEALTHCARE,1.0,0.2667,0.4211,15
A_No_Balancing,urgency,CRITICAL,0.0,0.0,0.0,2
A_No_Balancing,urgency,HIGH,0.1667,0.0556,0.0833,18
A_No_Balancing,urgency,LOW,0.5229,0.6015,0.5594,133
A_No_Balancing,urgency,MEDIUM,0.6193,0.5989,0.6089,182
A_No_Balancing,emotion,ANGER,1.0,0.0952,0.1739,21
A_No_Balancing,emotion,DISGUST,0.3158,0.25,0.2791,24
A_No_Balancing,emotion,FEAR,0.5263,0.4167,0.4651,24
A_No_Balancing,emotion,JOY,0.2885,0.5556,0.3797,27
A_No_Balancing,emotion,NEUTRAL,0.25,0.1667,0.2,18
A_No_Balancing,emotion,SADNESS,0.2381,0.2,0.2174,25
A_No_Balancing,emotion,SURPRISE,0.2857,0.4762,0.3571,21
B_Weighted_Loss_Only,domain,FINANCIAL,1.0,1.0,1.0,263
B_Weighted_Loss_Only,domain,GENERAL,1.0,1.0,1.0,80
B_Weighted_Loss_Only,domain,MEDICAL,1.0,1.0,1.0,72
B_Weighted_Loss_Only,subdomain,GENERAL_TOPIC,0.5882,0.8333,0.6897,36
B_Weighted_Loss_Only,subdomain,HEALTHCARE,0.2353,0.3692,0.2874,65
B_Weighted_Loss_Only,subdomain,INDUSTRIAL_GOODS,0.3208,0.5667,0.4096,90
B_Weighted_Loss_Only,subdomain,MEDICAL_SPECIALTY,0.7143,0.4167,0.5263,36
B_Weighted_Loss_Only,subdomain,TECHNOLOGY,0.0,0.0,0.0,108
B_Weighted_Loss_Only,subdomain,USER_INTERACTION_TYPE,1.0,1.0,1.0,80
B_Weighted_Loss_Only,intent,BUSINESS_OPERATIONS_AND_HEALTH,0.1327,0.4483,0.2047,29
B_Weighted_Loss_Only,intent,BUSINESS_STRATEGY_AND_PROJECT_PLANNING,0.1364,0.1111,0.1224,27
B_Weighted_Loss_Only,intent,COMMUNICATION_EMAIL_CALL_AND_CONTACTS,0.2609,0.3333,0.2927,18
B_Weighted_Loss_Only,intent,FINANCIAL_OPERATIONS_RISK_AND_COMPLIANCE,0.0,0.0,0.0,37
B_Weighted_Loss_Only,intent,FINANCIAL_PERFORMANCE_AND_SEGMENT_ANALYSIS,0.3095,0.2889,0.2989,45
B_Weighted_Loss_Only,intent,FINANCIAL_REPORTING_AND_OUTLOOK,0.2727,0.2069,0.2353,58
B_Weighted_Loss_Only,intent,GENERAL_ASSISTANCE_AND_QA,0.56,0.3889,0.459,36
B_Weighted_Loss_Only,intent,MARKET_AND_COMPETITIVE_OUTLOOK,0.0,0.0,0.0,14
B_Weighted_Loss_Only,intent,MEDIA_ENTERTAINMENT_AND_UTILITY,0.8966,0.65,0.7536,40
B_Weighted_Loss_Only,intent,MEDICAL_ADVICE_AND_TREATMENT,0.6757,0.7143,0.6944,35
B_Weighted_Loss_Only,intent,MEDICAL_SYMPTOM_AND_CONDITION,0.9474,0.75,0.8372,24
B_Weighted_Loss_Only,intent,MEDICATION_DIAGNOSTICS_AND_CLINICAL_RESEARCH,0.2222,0.375,0.2791,16
B_Weighted_Loss_Only,intent,PRODUCT_AND_TECHNOLOGY_MANAGEMENT,0.25,0.0526,0.087,19
B_Weighted_Loss_Only,intent,TIME_LOCATION_TRAVEL_AND_LOGISTICS,0.4516,0.8235,0.5833,17
B_Weighted_Loss_Only,entity_type,BUSINESS_GOVERNANCE_AND_RELATIONS,0.12,0.6667,0.2034,9
B_Weighted_Loss_Only,entity_type,BUSINESS_OPERATIONS_AND_LOGISTICS,0.1667,0.037,0.0606,27
B_Weighted_Loss_Only,entity_type,COMMUNICATION_AND_INTERACTION,0.625,0.3846,0.4762,13
B_Weighted_Loss_Only,entity_type,CORPORATE_FINANCIAL_PERFORMANCE,0.0693,0.3889,0.1176,18
B_Weighted_Loss_Only,entity_type,DIAGNOSTIC_TEST_OR_RESULT,0.3889,0.7778,0.5185,9
B_Weighted_Loss_Only,entity_type,ENTERTAINMENT_AND_MEDIA,0.5833,0.7,0.6364,10
B_Weighted_Loss_Only,entity_type,FINANCIAL_METRICS_DETAIL,0.3333,0.0147,0.0282,68
B_Weighted_Loss_Only,entity_type,FINANCIAL_STRATEGY_AND_PLANNING,0.0833,0.027,0.0408,37
B_Weighted_Loss_Only,entity_type,GENERAL_BUSINESS_ADMINISTRATION,0.5714,0.2857,0.381,28
B_Weighted_Loss_Only,entity_type,GENERAL_INFORMATION_AND_MISCELLANEOUS,0.5455,0.2791,0.3692,43
B_Weighted_Loss_Only,entity_type,MARKET_AND_INDUSTRY_ANALYSIS,0.0,0.0,0.0,34
B_Weighted_Loss_Only,entity_type,MEDICAL_CONDITION_OR_CLINICAL_STATE,0.4118,0.5385,0.4667,13
B_Weighted_Loss_Only,entity_type,MEDICAL_SYMPTOM,0.8,0.7692,0.7843,26
B_Weighted_Loss_Only,entity_type,MEDICATION_OR_DRUG,0.375,0.5,0.4286,12
B_Weighted_Loss_Only,entity_type,PERSONAL_AND_DAILY_LIFE,0.0,0.0,0.0,2
B_Weighted_Loss_Only,entity_type,PRODUCT_AND_SERVICE_MANAGEMENT,0.0244,0.1429,0.0417,7
B_Weighted_Loss_Only,entity_type,REGULATORY_AND_ENVIRONMENTAL_CONTEXT,0.1176,0.5,0.1905,4
B_Weighted_Loss_Only,entity_type,SALES_AND_CUSTOMER_ENGAGEMENT,0.1053,0.1053,0.1053,19
B_Weighted_Loss_Only,entity_type,TECHNOLOGY_AND_DIGITAL_INFRASTRUCTURE,0.0,0.0,0.0,17
B_Weighted_Loss_Only,entity_type,TREATMENT_OR_HEALTHCARE,1.0,0.2667,0.4211,15
B_Weighted_Loss_Only,urgency,CRITICAL,0.0,0.0,0.0,2
B_Weighted_Loss_Only,urgency,HIGH,0.3,0.3333,0.3158,18
B_Weighted_Loss_Only,urgency,LOW,0.4828,0.4211,0.4498,133
B_Weighted_Loss_Only,urgency,MEDIUM,0.5729,0.6264,0.5984,182
B_Weighted_Loss_Only,emotion,ANGER,0.2619,0.5238,0.3492,21
B_Weighted_Loss_Only,emotion,DISGUST,0.3421,0.5417,0.4194,24
B_Weighted_Loss_Only,emotion,FEAR,1.0,0.0417,0.08,24
B_Weighted_Loss_Only,emotion,JOY,0.3913,0.3333,0.36,27
B_Weighted_Loss_Only,emotion,NEUTRAL,0.3077,0.2222,0.2581,18
B_Weighted_Loss_Only,emotion,SADNESS,0.2273,0.2,0.2128,25
B_Weighted_Loss_Only,emotion,SURPRISE,0.3333,0.3333,0.3333,21
C_Sampler_Only,domain,FINANCIAL,1.0,1.0,1.0,263
C_Sampler_Only,domain,GENERAL,1.0,1.0,1.0,80
C_Sampler_Only,domain,MEDICAL,1.0,1.0,1.0,72
C_Sampler_Only,subdomain,GENERAL_TOPIC,0.6667,0.6111,0.6377,36
C_Sampler_Only,subdomain,HEALTHCARE,0.1955,0.4,0.2626,65
C_Sampler_Only,subdomain,INDUSTRIAL_GOODS,0.2717,0.2778,0.2747,90
C_Sampler_Only,subdomain,MEDICAL_SPECIALTY,0.641,0.6944,0.6667,36
C_Sampler_Only,subdomain,TECHNOLOGY,0.1579,0.0556,0.0822,108
C_Sampler_Only,subdomain,USER_INTERACTION_TYPE,1.0,1.0,1.0,80
C_Sampler_Only,intent,BUSINESS_OPERATIONS_AND_HEALTH,0.1209,0.3793,0.1833,29
C_Sampler_Only,intent,BUSINESS_STRATEGY_AND_PROJECT_PLANNING,0.2,0.2593,0.2258,27
C_Sampler_Only,intent,COMMUNICATION_EMAIL_CALL_AND_CONTACTS,0.2353,0.2222,0.2286,18
C_Sampler_Only,intent,FINANCIAL_OPERATIONS_RISK_AND_COMPLIANCE,0.2222,0.0541,0.087,37
C_Sampler_Only,intent,FINANCIAL_PERFORMANCE_AND_SEGMENT_ANALYSIS,0.2917,0.3111,0.3011,45
C_Sampler_Only,intent,FINANCIAL_REPORTING_AND_OUTLOOK,0.2941,0.0862,0.1333,58
C_Sampler_Only,intent,GENERAL_ASSISTANCE_AND_QA,0.52,0.3611,0.4262,36
C_Sampler_Only,intent,MARKET_AND_COMPETITIVE_OUTLOOK,0.0769,0.0714,0.0741,14
C_Sampler_Only,intent,MEDIA_ENTERTAINMENT_AND_UTILITY,0.7083,0.85,0.7727,40
C_Sampler_Only,intent,MEDICAL_ADVICE_AND_TREATMENT,0.6809,0.9143,0.7805,35
C_Sampler_Only,intent,MEDICAL_SYMPTOM_AND_CONDITION,0.8889,0.6667,0.7619,24
C_Sampler_Only,intent,MEDICATION_DIAGNOSTICS_AND_CLINICAL_RESEARCH,0.2667,0.25,0.2581,16
C_Sampler_Only,intent,PRODUCT_AND_TECHNOLOGY_MANAGEMENT,0.1053,0.1053,0.1053,19
C_Sampler_Only,intent,TIME_LOCATION_TRAVEL_AND_LOGISTICS,0.6154,0.4706,0.5333,17
C_Sampler_Only,entity_type,BUSINESS_GOVERNANCE_AND_RELATIONS,0.1667,0.1111,0.1333,9
C_Sampler_Only,entity_type,BUSINESS_OPERATIONS_AND_LOGISTICS,0.1493,0.3704,0.2128,27
C_Sampler_Only,entity_type,COMMUNICATION_AND_INTERACTION,0.5,0.1538,0.2353,13
C_Sampler_Only,entity_type,CORPORATE_FINANCIAL_PERFORMANCE,0.0,0.0,0.0,18
C_Sampler_Only,entity_type,DIAGNOSTIC_TEST_OR_RESULT,0.5,0.3333,0.4,9
C_Sampler_Only,entity_type,ENTERTAINMENT_AND_MEDIA,0.7778,0.7,0.7368,10
C_Sampler_Only,entity_type,FINANCIAL_METRICS_DETAIL,0.4898,0.3529,0.4103,68
C_Sampler_Only,entity_type,FINANCIAL_STRATEGY_AND_PLANNING,0.3333,0.0541,0.093,37
C_Sampler_Only,entity_type,GENERAL_BUSINESS_ADMINISTRATION,0.4643,0.4643,0.4643,28
C_Sampler_Only,entity_type,GENERAL_INFORMATION_AND_MISCELLANEOUS,0.4186,0.4186,0.4186,43
C_Sampler_Only,entity_type,MARKET_AND_INDUSTRY_ANALYSIS,0.1364,0.3529,0.1967,34
C_Sampler_Only,entity_type,MEDICAL_CONDITION_OR_CLINICAL_STATE,0.2581,0.6154,0.3636,13
C_Sampler_Only,entity_type,MEDICAL_SYMPTOM,0.8571,0.6923,0.766,26
C_Sampler_Only,entity_type,MEDICATION_OR_DRUG,0.375,0.25,0.3,12
C_Sampler_Only,entity_type,PERSONAL_AND_DAILY_LIFE,0.0,0.0,0.0,2
C_Sampler_Only,entity_type,PRODUCT_AND_SERVICE_MANAGEMENT,0.0,0.0,0.0,7
C_Sampler_Only,entity_type,REGULATORY_AND_ENVIRONMENTAL_CONTEXT,0.6667,0.5,0.5714,4
C_Sampler_Only,entity_type,SALES_AND_CUSTOMER_ENGAGEMENT,0.3333,0.0526,0.0909,19
C_Sampler_Only,entity_type,TECHNOLOGY_AND_DIGITAL_INFRASTRUCTURE,0.0476,0.0588,0.0526,17
C_Sampler_Only,entity_type,TREATMENT_OR_HEALTHCARE,0.4615,0.4,0.4286,15
C_Sampler_Only,urgency,CRITICAL,0.0,0.0,0.0,2
C_Sampler_Only,urgency,HIGH,0.1111,0.0556,0.0741,18
C_Sampler_Only,urgency,LOW,0.4852,0.6165,0.543,133
C_Sampler_Only,urgency,MEDIUM,0.5924,0.511,0.5487,182
C_Sampler_Only,emotion,ANGER,0.3333,0.0952,0.1481,21
C_Sampler_Only,emotion,DISGUST,0.2083,0.4167,0.2778,24
C_Sampler_Only,emotion,FEAR,0.0,0.0,0.0,24
C_Sampler_Only,emotion,JOY,0.1818,0.2222,0.2,27
C_Sampler_Only,emotion,NEUTRAL,0.1667,0.0556,0.0833,18
C_Sampler_Only,emotion,SADNESS,0.1795,0.28,0.2188,25
C_Sampler_Only,emotion,SURPRISE,0.2857,0.381,0.3265,21
D_Sampler_Plus_Weighted_Loss,domain,FINANCIAL,1.0,1.0,1.0,263
D_Sampler_Plus_Weighted_Loss,domain,GENERAL,1.0,1.0,1.0,80
D_Sampler_Plus_Weighted_Loss,domain,MEDICAL,1.0,1.0,1.0,72
D_Sampler_Plus_Weighted_Loss,subdomain,GENERAL_TOPIC,0.6071,0.4722,0.5312,36
D_Sampler_Plus_Weighted_Loss,subdomain,HEALTHCARE,0.2105,0.4308,0.2828,65
D_Sampler_Plus_Weighted_Loss,subdomain,INDUSTRIAL_GOODS,0.2727,0.1667,0.2069,90
D_Sampler_Plus_Weighted_Loss,subdomain,MEDICAL_SPECIALTY,0.5682,0.6944,0.625,36
D_Sampler_Plus_Weighted_Loss,subdomain,TECHNOLOGY,0.2533,0.1759,0.2077,108
D_Sampler_Plus_Weighted_Loss,subdomain,USER_INTERACTION_TYPE,1.0,1.0,1.0,80
D_Sampler_Plus_Weighted_Loss,intent,BUSINESS_OPERATIONS_AND_HEALTH,0.1111,0.3103,0.1636,29
D_Sampler_Plus_Weighted_Loss,intent,BUSINESS_STRATEGY_AND_PROJECT_PLANNING,0.25,0.4444,0.32,27
D_Sampler_Plus_Weighted_Loss,intent,COMMUNICATION_EMAIL_CALL_AND_CONTACTS,0.2308,0.1667,0.1935,18
D_Sampler_Plus_Weighted_Loss,intent,FINANCIAL_OPERATIONS_RISK_AND_COMPLIANCE,0.3333,0.027,0.05,37
D_Sampler_Plus_Weighted_Loss,intent,FINANCIAL_PERFORMANCE_AND_SEGMENT_ANALYSIS,0.3438,0.2444,0.2857,45
D_Sampler_Plus_Weighted_Loss,intent,FINANCIAL_REPORTING_AND_OUTLOOK,1.0,0.0345,0.0667,58
D_Sampler_Plus_Weighted_Loss,intent,GENERAL_ASSISTANCE_AND_QA,0.6,0.3333,0.4286,36
D_Sampler_Plus_Weighted_Loss,intent,MARKET_AND_COMPETITIVE_OUTLOOK,0.0,0.0,0.0,14
D_Sampler_Plus_Weighted_Loss,intent,MEDIA_ENTERTAINMENT_AND_UTILITY,0.7949,0.775,0.7848,40
D_Sampler_Plus_Weighted_Loss,intent,MEDICAL_ADVICE_AND_TREATMENT,0.6957,0.9143,0.7901,35
D_Sampler_Plus_Weighted_Loss,intent,MEDICAL_SYMPTOM_AND_CONDITION,0.9524,0.8333,0.8889,24
D_Sampler_Plus_Weighted_Loss,intent,MEDICATION_DIAGNOSTICS_AND_CLINICAL_RESEARCH,0.1818,0.125,0.1481,16
D_Sampler_Plus_Weighted_Loss,intent,PRODUCT_AND_TECHNOLOGY_MANAGEMENT,0.1045,0.3684,0.1628,19
D_Sampler_Plus_Weighted_Loss,intent,TIME_LOCATION_TRAVEL_AND_LOGISTICS,0.5652,0.7647,0.65,17
D_Sampler_Plus_Weighted_Loss,entity_type,BUSINESS_GOVERNANCE_AND_RELATIONS,0.1429,0.2222,0.1739,9
D_Sampler_Plus_Weighted_Loss,entity_type,BUSINESS_OPERATIONS_AND_LOGISTICS,0.1294,0.4074,0.1964,27
D_Sampler_Plus_Weighted_Loss,entity_type,COMMUNICATION_AND_INTERACTION,0.3636,0.3077,0.3333,13
D_Sampler_Plus_Weighted_Loss,entity_type,CORPORATE_FINANCIAL_PERFORMANCE,0.0,0.0,0.0,18
D_Sampler_Plus_Weighted_Loss,entity_type,DIAGNOSTIC_TEST_OR_RESULT,0.5,0.5556,0.5263,9
D_Sampler_Plus_Weighted_Loss,entity_type,ENTERTAINMENT_AND_MEDIA,0.6364,0.7,0.6667,10
D_Sampler_Plus_Weighted_Loss,entity_type,FINANCIAL_METRICS_DETAIL,0.6667,0.0588,0.1081,68
D_Sampler_Plus_Weighted_Loss,entity_type,FINANCIAL_STRATEGY_AND_PLANNING,0.5,0.1081,0.1778,37
D_Sampler_Plus_Weighted_Loss,entity_type,GENERAL_BUSINESS_ADMINISTRATION,0.4286,0.4286,0.4286,28
D_Sampler_Plus_Weighted_Loss,entity_type,GENERAL_INFORMATION_AND_MISCELLANEOUS,0.5833,0.1628,0.2545,43
D_Sampler_Plus_Weighted_Loss,entity_type,MARKET_AND_INDUSTRY_ANALYSIS,0.1818,0.1176,0.1429,34
D_Sampler_Plus_Weighted_Loss,entity_type,MEDICAL_CONDITION_OR_CLINICAL_STATE,0.2593,0.5385,0.35,13
D_Sampler_Plus_Weighted_Loss,entity_type,MEDICAL_SYMPTOM,0.8,0.4615,0.5854,26
D_Sampler_Plus_Weighted_Loss,entity_type,MEDICATION_OR_DRUG,0.375,0.25,0.3,12
D_Sampler_Plus_Weighted_Loss,entity_type,PERSONAL_AND_DAILY_LIFE,0.0,0.0,0.0,2
D_Sampler_Plus_Weighted_Loss,entity_type,PRODUCT_AND_SERVICE_MANAGEMENT,0.0,0.0,0.0,7
D_Sampler_Plus_Weighted_Loss,entity_type,REGULATORY_AND_ENVIRONMENTAL_CONTEXT,0.1818,0.5,0.2667,4
D_Sampler_Plus_Weighted_Loss,entity_type,SALES_AND_CUSTOMER_ENGAGEMENT,0.0698,0.1579,0.0968,19
D_Sampler_Plus_Weighted_Loss,entity_type,TECHNOLOGY_AND_DIGITAL_INFRASTRUCTURE,0.102,0.2941,0.1515,17
D_Sampler_Plus_Weighted_Loss,entity_type,TREATMENT_OR_HEALTHCARE,0.2069,0.4,0.2727,15
D_Sampler_Plus_Weighted_Loss,urgency,CRITICAL,0.0,0.0,0.0,2
D_Sampler_Plus_Weighted_Loss,urgency,HIGH,0.1111,0.0556,0.0741,18
D_Sampler_Plus_Weighted_Loss,urgency,LOW,0.5139,0.5564,0.5343,133
D_Sampler_Plus_Weighted_Loss,urgency,MEDIUM,0.6044,0.6044,0.6044,182
D_Sampler_Plus_Weighted_Loss,emotion,ANGER,0.3125,0.2381,0.2703,21
D_Sampler_Plus_Weighted_Loss,emotion,DISGUST,0.25,0.25,0.25,24
D_Sampler_Plus_Weighted_Loss,emotion,FEAR,0.0,0.0,0.0,24
D_Sampler_Plus_Weighted_Loss,emotion,JOY,0.2826,0.4815,0.3562,27
D_Sampler_Plus_Weighted_Loss,emotion,NEUTRAL,0.0,0.0,0.0,18
D_Sampler_Plus_Weighted_Loss,emotion,SADNESS,0.1636,0.36,0.225,25
D_Sampler_Plus_Weighted_Loss,emotion,SURPRISE,0.25,0.1429,0.1818,21
RealOnly_EvalAllTest,domain,FINANCIAL,1.0,1.0,1.0,263
RealOnly_EvalAllTest,domain,GENERAL,1.0,1.0,1.0,80
RealOnly_EvalAllTest,domain,MEDICAL,1.0,1.0,1.0,72
RealOnly_EvalAllTest,subdomain,GENERAL_TOPIC,0.5641,0.6111,0.5867,36
RealOnly_EvalAllTest,subdomain,HEALTHCARE,0.1967,0.1846,0.1905,65
RealOnly_EvalAllTest,subdomain,INDUSTRIAL_GOODS,0.3069,0.6444,0.4158,90
RealOnly_EvalAllTest,subdomain,MEDICAL_SPECIALTY,0.5758,0.5278,0.5507,36
RealOnly_EvalAllTest,subdomain,TECHNOLOGY,0.1538,0.0185,0.0331,108
RealOnly_EvalAllTest,subdomain,USER_INTERACTION_TYPE,1.0,1.0,1.0,80
RealOnly_EvalAllTest,intent,BUSINESS_OPERATIONS_AND_HEALTH,0.0811,0.1034,0.0909,29
RealOnly_EvalAllTest,intent,BUSINESS_STRATEGY_AND_PROJECT_PLANNING,0.2308,0.3333,0.2727,27
RealOnly_EvalAllTest,intent,COMMUNICATION_EMAIL_CALL_AND_CONTACTS,0.2917,0.3889,0.3333,18
RealOnly_EvalAllTest,intent,FINANCIAL_OPERATIONS_RISK_AND_COMPLIANCE,0.1429,0.027,0.0455,37
RealOnly_EvalAllTest,intent,FINANCIAL_PERFORMANCE_AND_SEGMENT_ANALYSIS,0.2917,0.4667,0.359,45
RealOnly_EvalAllTest,intent,FINANCIAL_REPORTING_AND_OUTLOOK,0.2667,0.2759,0.2712,58
RealOnly_EvalAllTest,intent,GENERAL_ASSISTANCE_AND_QA,0.5556,0.4167,0.4762,36
RealOnly_EvalAllTest,intent,MARKET_AND_COMPETITIVE_OUTLOOK,0.0,0.0,0.0,14
RealOnly_EvalAllTest,intent,MEDIA_ENTERTAINMENT_AND_UTILITY,0.8205,0.8,0.8101,40
RealOnly_EvalAllTest,intent,MEDICAL_ADVICE_AND_TREATMENT,0.7333,0.9429,0.825,35
RealOnly_EvalAllTest,intent,MEDICAL_SYMPTOM_AND_CONDITION,1.0,0.9167,0.9565,24
RealOnly_EvalAllTest,intent,MEDICATION_DIAGNOSTICS_AND_CLINICAL_RESEARCH,0.2632,0.3125,0.2857,16
RealOnly_EvalAllTest,intent,PRODUCT_AND_TECHNOLOGY_MANAGEMENT,0.0,0.0,0.0,19
RealOnly_EvalAllTest,intent,TIME_LOCATION_TRAVEL_AND_LOGISTICS,0.6471,0.6471,0.6471,17
RealOnly_EvalAllTest,entity_type,BUSINESS_GOVERNANCE_AND_RELATIONS,0.0,0.0,0.0,9
RealOnly_EvalAllTest,entity_type,BUSINESS_OPERATIONS_AND_LOGISTICS,0.1,0.037,0.0541,27
RealOnly_EvalAllTest,entity_type,COMMUNICATION_AND_INTERACTION,0.5556,0.3846,0.4545,13
RealOnly_EvalAllTest,entity_type,CORPORATE_FINANCIAL_PERFORMANCE,0.0,0.0,0.0,18
RealOnly_EvalAllTest,entity_type,DIAGNOSTIC_TEST_OR_RESULT,0.4286,0.6667,0.5217,9
RealOnly_EvalAllTest,entity_type,ENTERTAINMENT_AND_MEDIA,0.7778,0.7,0.7368,10
RealOnly_EvalAllTest,entity_type,FINANCIAL_METRICS_DETAIL,0.3056,0.6471,0.4151,68
RealOnly_EvalAllTest,entity_type,FINANCIAL_STRATEGY_AND_PLANNING,0.193,0.2973,0.234,37
RealOnly_EvalAllTest,entity_type,GENERAL_BUSINESS_ADMINISTRATION,0.7059,0.4286,0.5333,28
RealOnly_EvalAllTest,entity_type,GENERAL_INFORMATION_AND_MISCELLANEOUS,0.4615,0.5581,0.5053,43
RealOnly_EvalAllTest,entity_type,MARKET_AND_INDUSTRY_ANALYSIS,0.1429,0.0882,0.1091,34
RealOnly_EvalAllTest,entity_type,MEDICAL_CONDITION_OR_CLINICAL_STATE,0.3478,0.6154,0.4444,13
RealOnly_EvalAllTest,entity_type,MEDICAL_SYMPTOM,0.76,0.7308,0.7451,26
RealOnly_EvalAllTest,entity_type,MEDICATION_OR_DRUG,0.0,0.0,0.0,12
RealOnly_EvalAllTest,entity_type,PERSONAL_AND_DAILY_LIFE,0.0,0.0,0.0,2
RealOnly_EvalAllTest,entity_type,PRODUCT_AND_SERVICE_MANAGEMENT,0.0,0.0,0.0,7
RealOnly_EvalAllTest,entity_type,REGULATORY_AND_ENVIRONMENTAL_CONTEXT,0.0,0.0,0.0,4
RealOnly_EvalAllTest,entity_type,SALES_AND_CUSTOMER_ENGAGEMENT,0.0,0.0,0.0,19
RealOnly_EvalAllTest,entity_type,TECHNOLOGY_AND_DIGITAL_INFRASTRUCTURE,0.0,0.0,0.0,17
RealOnly_EvalAllTest,entity_type,TREATMENT_OR_HEALTHCARE,0.4286,0.2,0.2727,15
RealOnly_EvalAllTest,urgency,CRITICAL,0.0,0.0,0.0,2
RealOnly_EvalAllTest,urgency,HIGH,0.0,0.0,0.0,18
RealOnly_EvalAllTest,urgency,LOW,0.5093,0.4135,0.4564,133
RealOnly_EvalAllTest,urgency,MEDIUM,0.5727,0.7143,0.6357,182
RealOnly_EvalAllTest,emotion,ANGER,0.3,0.2857,0.2927,21
RealOnly_EvalAllTest,emotion,DISGUST,0.4,0.1667,0.2353,24
RealOnly_EvalAllTest,emotion,FEAR,0.25,0.0417,0.0714,24
RealOnly_EvalAllTest,emotion,JOY,0.4348,0.3704,0.4,27
RealOnly_EvalAllTest,emotion,NEUTRAL,0.2222,0.6667,0.3333,18
RealOnly_EvalAllTest,emotion,SADNESS,0.3333,0.16,0.2162,25
RealOnly_EvalAllTest,emotion,SURPRISE,0.2432,0.4286,0.3103,21
RealOnly_EvalRealTest,domain,FINANCIAL,1.0,1.0,1.0,263
RealOnly_EvalRealTest,domain,GENERAL,1.0,1.0,1.0,80
RealOnly_EvalRealTest,domain,MEDICAL,1.0,1.0,1.0,72
RealOnly_EvalRealTest,subdomain,GENERAL_TOPIC,0.5641,0.6111,0.5867,36
RealOnly_EvalRealTest,subdomain,HEALTHCARE,0.1967,0.1846,0.1905,65
RealOnly_EvalRealTest,subdomain,INDUSTRIAL_GOODS,0.3069,0.6444,0.4158,90
RealOnly_EvalRealTest,subdomain,MEDICAL_SPECIALTY,0.5758,0.5278,0.5507,36
RealOnly_EvalRealTest,subdomain,TECHNOLOGY,0.1538,0.0185,0.0331,108
RealOnly_EvalRealTest,subdomain,USER_INTERACTION_TYPE,1.0,1.0,1.0,80
RealOnly_EvalRealTest,intent,BUSINESS_OPERATIONS_AND_HEALTH,0.0811,0.1034,0.0909,29
RealOnly_EvalRealTest,intent,BUSINESS_STRATEGY_AND_PROJECT_PLANNING,0.2308,0.3333,0.2727,27
RealOnly_EvalRealTest,intent,COMMUNICATION_EMAIL_CALL_AND_CONTACTS,0.2917,0.3889,0.3333,18
RealOnly_EvalRealTest,intent,FINANCIAL_OPERATIONS_RISK_AND_COMPLIANCE,0.1429,0.027,0.0455,37
RealOnly_EvalRealTest,intent,FINANCIAL_PERFORMANCE_AND_SEGMENT_ANALYSIS,0.2917,0.4667,0.359,45
RealOnly_EvalRealTest,intent,FINANCIAL_REPORTING_AND_OUTLOOK,0.2667,0.2759,0.2712,58
RealOnly_EvalRealTest,intent,GENERAL_ASSISTANCE_AND_QA,0.5556,0.4167,0.4762,36
RealOnly_EvalRealTest,intent,MARKET_AND_COMPETITIVE_OUTLOOK,0.0,0.0,0.0,14
RealOnly_EvalRealTest,intent,MEDIA_ENTERTAINMENT_AND_UTILITY,0.8205,0.8,0.8101,40
RealOnly_EvalRealTest,intent,MEDICAL_ADVICE_AND_TREATMENT,0.7333,0.9429,0.825,35
RealOnly_EvalRealTest,intent,MEDICAL_SYMPTOM_AND_CONDITION,1.0,0.9167,0.9565,24
RealOnly_EvalRealTest,intent,MEDICATION_DIAGNOSTICS_AND_CLINICAL_RESEARCH,0.2632,0.3125,0.2857,16
RealOnly_EvalRealTest,intent,PRODUCT_AND_TECHNOLOGY_MANAGEMENT,0.0,0.0,0.0,19
RealOnly_EvalRealTest,intent,TIME_LOCATION_TRAVEL_AND_LOGISTICS,0.6471,0.6471,0.6471,17
RealOnly_EvalRealTest,entity_type,BUSINESS_GOVERNANCE_AND_RELATIONS,0.0,0.0,0.0,9
RealOnly_EvalRealTest,entity_type,BUSINESS_OPERATIONS_AND_LOGISTICS,0.1,0.037,0.0541,27
RealOnly_EvalRealTest,entity_type,COMMUNICATION_AND_INTERACTION,0.5556,0.3846,0.4545,13
RealOnly_EvalRealTest,entity_type,CORPORATE_FINANCIAL_PERFORMANCE,0.0,0.0,0.0,18
RealOnly_EvalRealTest,entity_type,DIAGNOSTIC_TEST_OR_RESULT,0.4286,0.6667,0.5217,9
RealOnly_EvalRealTest,entity_type,ENTERTAINMENT_AND_MEDIA,0.7778,0.7,0.7368,10
RealOnly_EvalRealTest,entity_type,FINANCIAL_METRICS_DETAIL,0.3056,0.6471,0.4151,68
RealOnly_EvalRealTest,entity_type,FINANCIAL_STRATEGY_AND_PLANNING,0.193,0.2973,0.234,37
RealOnly_EvalRealTest,entity_type,GENERAL_BUSINESS_ADMINISTRATION,0.7059,0.4286,0.5333,28
RealOnly_EvalRealTest,entity_type,GENERAL_INFORMATION_AND_MISCELLANEOUS,0.4615,0.5581,0.5053,43
RealOnly_EvalRealTest,entity_type,MARKET_AND_INDUSTRY_ANALYSIS,0.1429,0.0882,0.1091,34
RealOnly_EvalRealTest,entity_type,MEDICAL_CONDITION_OR_CLINICAL_STATE,0.3478,0.6154,0.4444,13
RealOnly_EvalRealTest,entity_type,MEDICAL_SYMPTOM,0.76,0.7308,0.7451,26
RealOnly_EvalRealTest,entity_type,MEDICATION_OR_DRUG,0.0,0.0,0.0,12
RealOnly_EvalRealTest,entity_type,PERSONAL_AND_DAILY_LIFE,0.0,0.0,0.0,2
RealOnly_EvalRealTest,entity_type,PRODUCT_AND_SERVICE_MANAGEMENT,0.0,0.0,0.0,7
RealOnly_EvalRealTest,entity_type,REGULATORY_AND_ENVIRONMENTAL_CONTEXT,0.0,0.0,0.0,4
RealOnly_EvalRealTest,entity_type,SALES_AND_CUSTOMER_ENGAGEMENT,0.0,0.0,0.0,19
RealOnly_EvalRealTest,entity_type,TECHNOLOGY_AND_DIGITAL_INFRASTRUCTURE,0.0,0.0,0.0,17
RealOnly_EvalRealTest,entity_type,TREATMENT_OR_HEALTHCARE,0.4286,0.2,0.2727,15
RealOnly_EvalRealTest,urgency,CRITICAL,0.0,0.0,0.0,2
RealOnly_EvalRealTest,urgency,HIGH,0.0,0.0,0.0,18
RealOnly_EvalRealTest,urgency,LOW,0.5093,0.4135,0.4564,133
RealOnly_EvalRealTest,urgency,MEDIUM,0.5727,0.7143,0.6357,182
RealOnly_EvalRealTest,emotion,ANGER,0.3,0.2857,0.2927,21
RealOnly_EvalRealTest,emotion,DISGUST,0.4,0.1667,0.2353,24
RealOnly_EvalRealTest,emotion,FEAR,0.25,0.0417,0.0714,24
RealOnly_EvalRealTest,emotion,JOY,0.4348,0.3704,0.4,27
RealOnly_EvalRealTest,emotion,NEUTRAL,0.2222,0.6667,0.3333,18
RealOnly_EvalRealTest,emotion,SADNESS,0.3333,0.16,0.2162,25
RealOnly_EvalRealTest,emotion,SURPRISE,0.2432,0.4286,0.3103,21
RealPlusSynth_EvalAllTest,domain,FINANCIAL,1.0,1.0,1.0,263
RealPlusSynth_EvalAllTest,domain,GENERAL,1.0,1.0,1.0,80
RealPlusSynth_EvalAllTest,domain,MEDICAL,1.0,1.0,1.0,72
RealPlusSynth_EvalAllTest,subdomain,GENERAL_TOPIC,0.6591,0.8056,0.725,36
RealPlusSynth_EvalAllTest,subdomain,HEALTHCARE,0.2537,0.5231,0.3417,65
RealPlusSynth_EvalAllTest,subdomain,INDUSTRIAL_GOODS,0.2846,0.3889,0.3286,90
RealPlusSynth_EvalAllTest,subdomain,MEDICAL_SPECIALTY,0.75,0.5833,0.6562,36
RealPlusSynth_EvalAllTest,subdomain,TECHNOLOGY,0.0,0.0,0.0,108
RealPlusSynth_EvalAllTest,subdomain,USER_INTERACTION_TYPE,1.0,1.0,1.0,80
RealPlusSynth_EvalAllTest,intent,BUSINESS_OPERATIONS_AND_HEALTH,0.1429,0.0345,0.0556,29
RealPlusSynth_EvalAllTest,intent,BUSINESS_STRATEGY_AND_PROJECT_PLANNING,0.1806,0.4815,0.2626,27
RealPlusSynth_EvalAllTest,intent,COMMUNICATION_EMAIL_CALL_AND_CONTACTS,0.35,0.3889,0.3684,18
RealPlusSynth_EvalAllTest,intent,FINANCIAL_OPERATIONS_RISK_AND_COMPLIANCE,0.0,0.0,0.0,37
RealPlusSynth_EvalAllTest,intent,FINANCIAL_PERFORMANCE_AND_SEGMENT_ANALYSIS,0.2963,0.3556,0.3232,45
RealPlusSynth_EvalAllTest,intent,FINANCIAL_REPORTING_AND_OUTLOOK,0.2809,0.431,0.3401,58
RealPlusSynth_EvalAllTest,intent,GENERAL_ASSISTANCE_AND_QA,0.5652,0.3611,0.4407,36
RealPlusSynth_EvalAllTest,intent,MARKET_AND_COMPETITIVE_OUTLOOK,0.0,0.0,0.0,14
RealPlusSynth_EvalAllTest,intent,MEDIA_ENTERTAINMENT_AND_UTILITY,0.875,0.7,0.7778,40
RealPlusSynth_EvalAllTest,intent,MEDICAL_ADVICE_AND_TREATMENT,0.75,0.6857,0.7164,35
RealPlusSynth_EvalAllTest,intent,MEDICAL_SYMPTOM_AND_CONDITION,0.8636,0.7917,0.8261,24
RealPlusSynth_EvalAllTest,intent,MEDICATION_DIAGNOSTICS_AND_CLINICAL_RESEARCH,0.2903,0.5625,0.383,16
RealPlusSynth_EvalAllTest,intent,PRODUCT_AND_TECHNOLOGY_MANAGEMENT,0.0,0.0,0.0,19
RealPlusSynth_EvalAllTest,intent,TIME_LOCATION_TRAVEL_AND_LOGISTICS,0.4643,0.7647,0.5778,17
RealPlusSynth_EvalAllTest,entity_type,BUSINESS_GOVERNANCE_AND_RELATIONS,0.0,0.0,0.0,9
RealPlusSynth_EvalAllTest,entity_type,BUSINESS_OPERATIONS_AND_LOGISTICS,0.0,0.0,0.0,27
RealPlusSynth_EvalAllTest,entity_type,COMMUNICATION_AND_INTERACTION,1.0,0.3846,0.5556,13
RealPlusSynth_EvalAllTest,entity_type,CORPORATE_FINANCIAL_PERFORMANCE,0.0,0.0,0.0,18
RealPlusSynth_EvalAllTest,entity_type,DIAGNOSTIC_TEST_OR_RESULT,0.4,0.4444,0.4211,9
RealPlusSynth_EvalAllTest,entity_type,ENTERTAINMENT_AND_MEDIA,1.0,0.7,0.8235,10
RealPlusSynth_EvalAllTest,entity_type,FINANCIAL_METRICS_DETAIL,0.311,0.75,0.4397,68
RealPlusSynth_EvalAllTest,entity_type,FINANCIAL_STRATEGY_AND_PLANNING,0.2281,0.3514,0.2766,37
RealPlusSynth_EvalAllTest,entity_type,GENERAL_BUSINESS_ADMINISTRATION,0.5882,0.3571,0.4444,28
RealPlusSynth_EvalAllTest,entity_type,GENERAL_INFORMATION_AND_MISCELLANEOUS,0.3919,0.6744,0.4957,43
RealPlusSynth_EvalAllTest,entity_type,MARKET_AND_INDUSTRY_ANALYSIS,0.0,0.0,0.0,34
RealPlusSynth_EvalAllTest,entity_type,MEDICAL_CONDITION_OR_CLINICAL_STATE,0.2727,0.4615,0.3429,13
RealPlusSynth_EvalAllTest,entity_type,MEDICAL_SYMPTOM,0.8,0.7692,0.7843,26
RealPlusSynth_EvalAllTest,entity_type,MEDICATION_OR_DRUG,0.5385,0.5833,0.56,12
RealPlusSynth_EvalAllTest,entity_type,PERSONAL_AND_DAILY_LIFE,0.0,0.0,0.0,2
RealPlusSynth_EvalAllTest,entity_type,PRODUCT_AND_SERVICE_MANAGEMENT,0.0,0.0,0.0,7
RealPlusSynth_EvalAllTest,entity_type,REGULATORY_AND_ENVIRONMENTAL_CONTEXT,0.0,0.0,0.0,4
RealPlusSynth_EvalAllTest,entity_type,SALES_AND_CUSTOMER_ENGAGEMENT,0.0,0.0,0.0,19
RealPlusSynth_EvalAllTest,entity_type,TECHNOLOGY_AND_DIGITAL_INFRASTRUCTURE,0.0,0.0,0.0,17
RealPlusSynth_EvalAllTest,entity_type,TREATMENT_OR_HEALTHCARE,1.0,0.2667,0.4211,15
RealPlusSynth_EvalAllTest,urgency,CRITICAL,0.0,0.0,0.0,2
RealPlusSynth_EvalAllTest,urgency,HIGH,0.1667,0.0556,0.0833,18
RealPlusSynth_EvalAllTest,urgency,LOW,0.5229,0.6015,0.5594,133
RealPlusSynth_EvalAllTest,urgency,MEDIUM,0.6193,0.5989,0.6089,182
RealPlusSynth_EvalAllTest,emotion,ANGER,1.0,0.0952,0.1739,21
RealPlusSynth_EvalAllTest,emotion,DISGUST,0.3158,0.25,0.2791,24
RealPlusSynth_EvalAllTest,emotion,FEAR,0.5263,0.4167,0.4651,24
RealPlusSynth_EvalAllTest,emotion,JOY,0.2885,0.5556,0.3797,27
RealPlusSynth_EvalAllTest,emotion,NEUTRAL,0.25,0.1667,0.2,18
RealPlusSynth_EvalAllTest,emotion,SADNESS,0.2381,0.2,0.2174,25
RealPlusSynth_EvalAllTest,emotion,SURPRISE,0.2857,0.4762,0.3571,21
RealPlusSynth_EvalRealTest,domain,FINANCIAL,1.0,1.0,1.0,263
RealPlusSynth_EvalRealTest,domain,GENERAL,1.0,1.0,1.0,80
RealPlusSynth_EvalRealTest,domain,MEDICAL,1.0,1.0,1.0,72
RealPlusSynth_EvalRealTest,subdomain,GENERAL_TOPIC,0.6591,0.8056,0.725,36
RealPlusSynth_EvalRealTest,subdomain,HEALTHCARE,0.2537,0.5231,0.3417,65
RealPlusSynth_EvalRealTest,subdomain,INDUSTRIAL_GOODS,0.2846,0.3889,0.3286,90
RealPlusSynth_EvalRealTest,subdomain,MEDICAL_SPECIALTY,0.75,0.5833,0.6562,36
RealPlusSynth_EvalRealTest,subdomain,TECHNOLOGY,0.0,0.0,0.0,108
RealPlusSynth_EvalRealTest,subdomain,USER_INTERACTION_TYPE,1.0,1.0,1.0,80
RealPlusSynth_EvalRealTest,intent,BUSINESS_OPERATIONS_AND_HEALTH,0.1429,0.0345,0.0556,29
RealPlusSynth_EvalRealTest,intent,BUSINESS_STRATEGY_AND_PROJECT_PLANNING,0.1806,0.4815,0.2626,27
RealPlusSynth_EvalRealTest,intent,COMMUNICATION_EMAIL_CALL_AND_CONTACTS,0.35,0.3889,0.3684,18
RealPlusSynth_EvalRealTest,intent,FINANCIAL_OPERATIONS_RISK_AND_COMPLIANCE,0.0,0.0,0.0,37
RealPlusSynth_EvalRealTest,intent,FINANCIAL_PERFORMANCE_AND_SEGMENT_ANALYSIS,0.2963,0.3556,0.3232,45
RealPlusSynth_EvalRealTest,intent,FINANCIAL_REPORTING_AND_OUTLOOK,0.2809,0.431,0.3401,58
RealPlusSynth_EvalRealTest,intent,GENERAL_ASSISTANCE_AND_QA,0.5652,0.3611,0.4407,36
RealPlusSynth_EvalRealTest,intent,MARKET_AND_COMPETITIVE_OUTLOOK,0.0,0.0,0.0,14
RealPlusSynth_EvalRealTest,intent,MEDIA_ENTERTAINMENT_AND_UTILITY,0.875,0.7,0.7778,40
RealPlusSynth_EvalRealTest,intent,MEDICAL_ADVICE_AND_TREATMENT,0.75,0.6857,0.7164,35
RealPlusSynth_EvalRealTest,intent,MEDICAL_SYMPTOM_AND_CONDITION,0.8636,0.7917,0.8261,24
RealPlusSynth_EvalRealTest,intent,MEDICATION_DIAGNOSTICS_AND_CLINICAL_RESEARCH,0.2903,0.5625,0.383,16
RealPlusSynth_EvalRealTest,intent,PRODUCT_AND_TECHNOLOGY_MANAGEMENT,0.0,0.0,0.0,19
RealPlusSynth_EvalRealTest,intent,TIME_LOCATION_TRAVEL_AND_LOGISTICS,0.4643,0.7647,0.5778,17
RealPlusSynth_EvalRealTest,entity_type,BUSINESS_GOVERNANCE_AND_RELATIONS,0.0,0.0,0.0,9
RealPlusSynth_EvalRealTest,entity_type,BUSINESS_OPERATIONS_AND_LOGISTICS,0.0,0.0,0.0,27
RealPlusSynth_EvalRealTest,entity_type,COMMUNICATION_AND_INTERACTION,1.0,0.3846,0.5556,13
RealPlusSynth_EvalRealTest,entity_type,CORPORATE_FINANCIAL_PERFORMANCE,0.0,0.0,0.0,18
RealPlusSynth_EvalRealTest,entity_type,DIAGNOSTIC_TEST_OR_RESULT,0.4,0.4444,0.4211,9
RealPlusSynth_EvalRealTest,entity_type,ENTERTAINMENT_AND_MEDIA,1.0,0.7,0.8235,10
RealPlusSynth_EvalRealTest,entity_type,FINANCIAL_METRICS_DETAIL,0.311,0.75,0.4397,68
RealPlusSynth_EvalRealTest,entity_type,FINANCIAL_STRATEGY_AND_PLANNING,0.2281,0.3514,0.2766,37
RealPlusSynth_EvalRealTest,entity_type,GENERAL_BUSINESS_ADMINISTRATION,0.5882,0.3571,0.4444,28
RealPlusSynth_EvalRealTest,entity_type,GENERAL_INFORMATION_AND_MISCELLANEOUS,0.3919,0.6744,0.4957,43
RealPlusSynth_EvalRealTest,entity_type,MARKET_AND_INDUSTRY_ANALYSIS,0.0,0.0,0.0,34
RealPlusSynth_EvalRealTest,entity_type,MEDICAL_CONDITION_OR_CLINICAL_STATE,0.2727,0.4615,0.3429,13
RealPlusSynth_EvalRealTest,entity_type,MEDICAL_SYMPTOM,0.8,0.7692,0.7843,26
RealPlusSynth_EvalRealTest,entity_type,MEDICATION_OR_DRUG,0.5385,0.5833,0.56,12
RealPlusSynth_EvalRealTest,entity_type,PERSONAL_AND_DAILY_LIFE,0.0,0.0,0.0,2
RealPlusSynth_EvalRealTest,entity_type,PRODUCT_AND_SERVICE_MANAGEMENT,0.0,0.0,0.0,7
RealPlusSynth_EvalRealTest,entity_type,REGULATORY_AND_ENVIRONMENTAL_CONTEXT,0.0,0.0,0.0,4
RealPlusSynth_EvalRealTest,entity_type,SALES_AND_CUSTOMER_ENGAGEMENT,0.0,0.0,0.0,19
RealPlusSynth_EvalRealTest,entity_type,TECHNOLOGY_AND_DIGITAL_INFRASTRUCTURE,0.0,0.0,0.0,17
RealPlusSynth_EvalRealTest,entity_type,TREATMENT_OR_HEALTHCARE,1.0,0.2667,0.4211,15
RealPlusSynth_EvalRealTest,urgency,CRITICAL,0.0,0.0,0.0,2
RealPlusSynth_EvalRealTest,urgency,HIGH,0.1667,0.0556,0.0833,18
RealPlusSynth_EvalRealTest,urgency,LOW,0.5229,0.6015,0.5594,133
RealPlusSynth_EvalRealTest,urgency,MEDIUM,0.6193,0.5989,0.6089,182
RealPlusSynth_EvalRealTest,emotion,ANGER,1.0,0.0952,0.1739,21
RealPlusSynth_EvalRealTest,emotion,DISGUST,0.3158,0.25,0.2791,24
RealPlusSynth_EvalRealTest,emotion,FEAR,0.5263,0.4167,0.4651,24
RealPlusSynth_EvalRealTest,emotion,JOY,0.2885,0.5556,0.3797,27
RealPlusSynth_EvalRealTest,emotion,NEUTRAL,0.25,0.1667,0.2,18
RealPlusSynth_EvalRealTest,emotion,SADNESS,0.2381,0.2,0.2174,25
RealPlusSynth_EvalRealTest,emotion,SURPRISE,0.2857,0.4762,0.3571,21
